time,open,high,low,close,Basis,Upper,Lower,Volume,Trailing Stop,Trailing Stop AMA,Plot,Plot,Plot,Zero line,RSI Cloud Lead,RSI Cloud Base,RSI Overbought ,Signal RSI Overbought,RSI Oversold,Signal RSI Oversold,Baseline,Cloud Flip Bullish,Cloud Flip Bearish,RSI,ADX Current Timeframe,ADX Different Timeframe
2025-12-16T13:45:00-06:00,273.54584122231245,274.42,273.54584122231245,274.11375,273.2932083333329,274.22089040999447,272.3655262566714,79021,,,73.94023700438798,60.91530209797431,-0.1315977566383708,0,63.13239394139214,45.29589192133401,70,80,30,20,50,,,56.820433515730244,21.425477814067847,35.11407539225046
2025-12-16T14:00:00-06:00,273.8297956111562,274.64,273.8297956111562,274.2725,273.30987499999964,274.2879965737668,272.33175342623247,81745,,,78.31344438790173,66.71468286128345,-0.0496170596045431,0,66.55747467909868,47.03581780825304,70,80,30,20,50,,,58.34533607322677,21.55872932743566,35.11407539225046
2025-12-16T14:15:00-06:00,274.0511478055781,274.81,274.0511478055781,274.51,273.3478749999996,274.4167547000595,272.27899529993965,90916,,,81.89266122210468,71.77400898155719,0.0341241367565317,0,69.89012909543811,48.84275110623617,70,80,30,20,50,,,60.587817543126484,21.905156405987267,35.11407539225046
2025-12-16T14:30:00-06:00,274.28057390278906,275.35,274.28057390278906,274.9,273.404208333333,274.60773967982976,272.2006769868362,149360,,,83.2262464573692,75.59142147349452,0.13045556824448568,0,73.85075486563196,50.8655593148399,70,80,30,20,50,,,64.01381267076411,22.86846298724012,35.11407539225046
2025-12-16T14:45:00-06:00,274.59028695139455,275.5,274.45,274.8925,273.45545833333296,274.7718904566679,272.139026209998,299743,,,81.84745440254045,77.67676578317649,0.20384394826214702,0,75.68206147596511,52.60332175701604,70,80,30,20,50,,,63.898777631160975,23.925535998509876,35.11407539225046
2025-12-17T08:30:00-06:00,274.74139347569724,276.15,274.74139347569724,275.41875,273.51983333333294,275.01322387373455,272.02644279293133,213746,,,80.1846953400903,78.51274230214777,0.30099901581718314,0,79.28136482140715,54.684867638589125,70,80,30,20,50,,,68.21491586881416,25.53571374828373,32.950788904648284
2025-12-17T08:45:00-06:00,275.0800717378486,275.98,274.97,275.46,273.5807916666663,275.22869822812464,271.93288510520796,177454,,,79.51131588073525,78.84560016167693,0.37697806856465377,0,81.26386406594246,56.53121798430746,70,80,30,20,50,,,68.53249523147664,27.030878801645166,32.950788904648284
2025-12-17T09:00:00-06:00,275.2700358689243,275.88,274.98,275.3825,273.6358749999996,275.4059911863307,271.8657588136685,118952,,,77.42159518709752,78.37093183681712,0.42602743389596753,0,80.39337362760179,57.95032325914283,70,80,30,20,50,,,67.17450754557274,28.41924635119507,32.950788904648284
2025-12-17T09:15:00-06:00,275.3262679344622,275.855,275.25,275.5,273.6875416666663,275.5777282188309,271.79735511450167,92548,,,76.62770492031395,77.78985619798273,0.46897462970946435,0,80.70877795636574,59.317378996665596,70,80,30,20,50,,,68.20324129056357,29.70844479006284,32.950788904648284
2025-12-17T09:30:00-06:00,275.4131339672311,275.725,274.92,275.27875,273.7709999999996,275.71303645277095,271.8289635472283,101104,,,71.90161289483915,75.8271084302682,0.479628704723325,0,75.24668853132142,59.958776073211794,70,80,30,20,50,,,64.12785707076208,29.985585406984566,32.950788904648284
2025-12-17T09:45:00-06:00,275.34594198361555,275.34594198361555,274.31,274.74749999999995,273.8268333333329,275.7816025796196,271.8720640870462,126228,,,58.99366273353527,70.21595986469056,0.44013114292818045,0,62.751104124814105,59.37032512940846,70,80,30,20,50,,,55.545393994686776,28.82143586689209,32.950788904648284
2025-12-17T10:00:00-06:00,275.0467209918078,275.06,273.8,274.315,273.8583333333329,275.81309720815284,271.90356945851295,108725,,,46.634073028030514,62.35533091913721,0.36966859573340116,0,51.22682849508172,58.08258531967748,70,80,30,20,50,,58.08258531967748,49.712276556426126,26.780042813074445,32.950788904648284
2025-12-17T10:15:00-06:00,274.68086049590386,274.68086049590386,273.05,273.5775,273.87374999999963,275.81204671804056,271.9354532819587,163738,,,36.76142502943949,53.824028955904645,0.2514182400026357,0,39.615400616095755,55.89494872912346,70,80,30,20,50,,,41.67531089052235,25.979443229758413,32.950788904648284
2025-12-17T10:30:00-06:00,274.1291802479519,274.1291802479519,272.75,273.145,273.8738749999996,275.81198322190653,271.93576677809267,112128,,,28.380165705900684,45.34274120590333,0.12140536027050075,0,31.46050742687401,53.48420387887454,70,80,30,20,50,,,37.8143623522565,25.61976533642088,32.950788904648284
2025-12-17T10:45:00-06:00,273.63709012397595,273.63709012397595,272.31,272.72,273.84945833333296,275.8262557943797,271.87266087228625,91598,,,22.6439978457142,37.77649341917362,-0.0157432533118822,0,25.50328739289885,50.94471801569366,70,80,30,20,50,,,34.438059905017965,25.801486114579514,32.950788904648284
2025-12-17T11:00:00-06:00,273.17854506198796,273.17854506198796,272.29,272.48625,273.8201666666663,275.8501373904484,271.79019594288417,78024,,,16.91818983586114,30.82372555806946,-0.14166318414351053,0,21.607956010256068,48.51319355509438,70,80,30,20,50,,,32.708284561199065,25.993063680804035,32.950788904648284
2025-12-17T11:15:00-06:00,272.83239753099394,273.12,272.35,272.6725,273.81099999999964,275.859053689995,271.7629463100043,90152,,,14.855230811565148,25.500893975901352,-0.22384645548856952,0,22.960142987362634,46.776599711464556,70,80,30,20,50,,,35.48873972787071,26.170957135155376,32.950788904648284
2025-12-17T11:30:00-06:00,272.752448765497,273.51,272.752448765497,273.065,273.8108749999996,275.8591103330984,271.76263966690084,70974,,,17.424108265448833,22.80863207241718,-0.2543735603260302,0,29.86948038912994,46.008995692908556,70,80,30,20,50,,,41.019569572294564,25.496888065734158,32.950788904648284
2025-12-17T11:45:00-06:00,272.90872438274846,273.63,272.90872438274846,273.24375,273.7999999999996,275.8566825027797,271.74331749721955,67448,,,22.019301962451568,22.545522035761977,-0.2611327044542122,0,35.86787523137741,45.661064231271645,70,80,30,20,50,,,43.39950973063171,24.625732753011192,32.950788904648284
2025-12-17T12:00:00-06:00,273.0762371913742,273.69,272.8,273.17749999999995,273.77674999999965,275.8452514303065,271.7082485696928,59482,,,25.359438372078873,23.483494147867606,-0.2687373592047493,0,38.16318384661648,45.26780295667737,70,80,30,20,50,,,42.711604671814584,23.98956222483795,32.950788904648284
2025-12-17T12:15:00-06:00,273.1268685956871,273.21,272.65,272.92125,273.7551249999996,275.84527146129227,271.664978538707,75495,,,25.707168209956404,24.224718835230536,-0.29207448347705167,0,36.645694998472194,44.574261691259316,70,80,30,20,50,,,40.06624346604196,23.638420686828315,32.950788904648284
2025-12-17T12:30:00-06:00,273.02405929784356,273.09,272.45,272.85749999999996,273.7502916666663,275.8480341719572,271.6525491613755,60970,,,27.423491557094454,25.290976409185177,-0.31211554114361206,0,35.24005723527161,43.885993878510845,70,80,30,20,50,,,39.4122530956458,23.624836347201352,32.950788904648284
2025-12-17T12:45:00-06:00,272.94077964892176,273.12,272.715,272.93125,273.7656666666663,275.8321779916033,271.69915534172924,63495,,,33.550184847585996,28.044045888652118,-0.31837716135368055,0,36.103875875906056,43.45050023282345,70,80,30,20,50,,,40.61979153585538,23.535889590861213,32.950788904648284
2025-12-17T13:00:00-06:00,272.93601482446087,273.43,272.81,273.14750000000004,273.7974166666663,275.794528324207,271.8003050091256,66425,,,42.78345656505804,32.95718278078743,-0.3024040471438525,0,40.929535994580505,43.54185181225867,70,80,30,20,50,,,44.13563707858762,22.685197302146847,32.950788904648284
2025-12-17T13:15:00-06:00,273.0417574122305,273.97,273.0417574122305,273.6325,273.84349999999966,275.7577414077369,271.92925859226244,87484,,,54.91119326559357,40.27518627572281,-0.24775384031687508,0,50.591717721864,44.55295241901903,70,80,30,20,50,44.55295241901903,,51.12510636296138,21.36268740114509,32.950788904648284
2025-12-17T13:30:00-06:00,273.3371287061152,274.12,273.3371287061152,273.87250000000006,273.8794166666664,275.75363436281174,272.005198970521,75207,,,65.00067574991782,48.51701610045448,-0.18296802197301076,0,58.07943379590654,45.836578571412765,70,80,30,20,50,,,54.18014856197206,20.41263768122512,32.950788904648284
2025-12-17T13:45:00-06:00,273.60481435305763,274.04,273.59,273.79499999999996,273.8852916666664,275.7573078129028,272.01327552042994,83244,,,70.18009121850724,55.7380411398054,-0.13630713270680417,0,60.25140847641461,46.7953643642469,70,80,30,20,50,,,53.02747201766877,19.530448655585147,32.950788904648284
2025-12-17T14:00:00-06:00,273.69990717652877,273.95,273.58,273.7575,273.8970416666663,275.7612606144253,272.03282271890737,64323,,,72.88453187022223,61.45353804994434,-0.10118755128502244,0,60.5148522966476,47.548788617173365,70,80,30,20,50,,,52.44604626119539,18.687111539963002,32.950788904648284
2025-12-17T14:15:00-06:00,273.72870358826435,273.93,273.575,273.73625000000004,273.91133333333306,275.7637914901087,272.0588751765574,78970,,,74.26334060809306,65.72347223599392,-0.07421423192283783,0,60.126179192554645,48.15527686163435,70,80,30,20,50,,,52.09745045063075,17.891065250226053,32.950788904648284
2025-12-17T14:30:00-06:00,273.7324767941322,273.87,273.42,273.61125000000004,273.90470833333296,275.7599881510358,272.0494285156301,135608,,,72.68753645330038,68.04482697509609,-0.06220705314137831,0,56.79079744252793,48.40023489276472,70,80,30,20,50,,,49.992462095112174,16.74330989576676,32.950788904648284
2025-12-17T14:45:00-06:00,273.6718633970661,273.6718633970661,271.69,272.645,273.8557499999997,275.76316476447823,271.9483352355212,649194,,,61.55849480974458,65.88271625331225,-0.1291705791315394,0,42.11329675860533,46.93481392259555,70,80,30,20,50,,46.93481392259555,37.40957761649596,18.25357863239367,32.950788904648284
2025-12-18T08:30:00-06:00,273.15843169853304,273.62,266.96,270.56,273.73199999999974,275.9685329940886,271.4954670059109,613662,,,57.798773076142616,63.188068527589046,-0.34648763705394003,0,27.220929071323717,43.82401749025635,70,80,30,20,50,,,23.603840680051547,22.027412556577307,30.985210147863956
2025-12-18T08:45:00-06:00,271.85921584926655,271.85921584926655,268.09,268.66874999999993,273.53729166666636,276.3987475959394,270.6758357373933,337113,,,46.487589871990544,57.621242309056214,-0.6636706580808323,0,17.505212531846215,40.29406801676604,70,80,30,20,50,,,17.34939643907903,25.531686914747826,30.985210147863956
2025-12-18T09:00:00-06:00,270.26398292463324,270.26398292463324,268.38,269.01874999999995,273.3412499999997,276.582993358189,270.0995066418104,268249,,,40.576223788030795,51.93956946871441,-0.8766924476822169,0,16.04244323250952,37.78754905142637,70,80,30,20,50,,,21.495175776718497,28.785655961620453,30.985210147863956
2025-12-18T09:15:00-06:00,269.64136646231657,271.06,268.715,269.98875,273.17779166666634,276.58069377886324,269.77488955446944,254403,,,41.31046745944042,48.39653546562308,-0.9562201466840747,0,23.524559562413987,36.978231803479595,70,80,30,20,50,,,31.71766969182555,30.57289548884774,30.985210147863956
2025-12-18T09:30:00-06:00,269.8150582311583,272.22,269.8150582311583,271.3825,273.0432499999997,276.399958804823,269.68654119517646,179433,,,48.629963523270284,48.47434481817215,-0.8964487410965489,0,35.675318061610426,37.80363157479128,70,80,30,20,50,,,43.168730088317275,30.729328293604024,30.985210147863956
2025-12-18T09:45:00-06:00,270.59877911557913,272.11,270.59877911557913,271.74375,272.9193749999997,276.1831943214235,269.6555556785759,178440,,,55.29778534262963,50.74882499299131,-0.8105856883872775,0,43.54174232727401,38.85782452344841,70,80,30,20,50,38.85782452344841,,45.71007868971971,30.874587326592,30.985210147863956
2025-12-18T10:00:00-06:00,271.1712645577895,272.66,271.1712645577895,272.27250000000004,272.815708333333,275.95519732335833,269.6762193433077,146943,,,62.49230069634083,54.663316894107815,-0.6918971349724643,0,50.024480754810796,40.248087964080334,70,80,30,20,50,,,49.28480032818784,30.34592275194411,30.985210147863956
2025-12-18T10:15:00-06:00,271.7218822788948,272.72,271.7218822788948,272.38,272.71170833333304,275.6912580395317,269.73215862713437,110418,,,68.5790462644621,59.30189335089258,-0.5824471613856304,0,53.79397998778279,41.54908358407369,70,80,30,20,50,,,50.00555511403054,29.783110453943117,30.985210147863956
2025-12-18T10:30:00-06:00,272.0509411394474,273.16,272.0509411394474,272.69,272.62541666666635,275.4484234365179,269.8024098968148,84772,,,74.39804285498673,64.33394318559063,-0.46532883836022165,0,57.28143702549052,42.95838066432297,70,80,30,20,50,,,52.11881168594331,28.73130441863617,30.985210147863956
2025-12-18T10:45:00-06:00,272.3704705697237,273.15,272.3704705697237,272.9225,272.564583333333,275.27860259560345,269.8505640710626,69744,,,81.37055585467222,70.0128140752845,-0.3497195671766917,0,60.24123441708042,44.39053735315025,70,80,30,20,50,,,53.69955583052753,27.754627385851144,30.985210147863956
2025-12-18T11:00:00-06:00,272.64648528486185,272.85,270.94,271.91375000000005,272.48454166666636,275.12806657705283,269.8410167562799,119646,,,78.88964532570918,72.97175782542605,-0.33562718015622295,0,54.17321756733834,44.674877961176676,70,80,30,20,50,,,46.523091913348445,27.97460910105177,30.985210147863956
2025-12-18T11:15:00-06:00,272.2801176424309,272.2801176424309,269.95,270.55,272.3836249999997,275.0831076163964,269.68414238360305,97569,,,66.35387678631842,70.76579747905684,-0.42955049881362584,0,44.557420321914336,43.910957428665384,70,80,30,20,50,,,38.94547396734196,28.779616439926865,30.985210147863956
2025-12-18T11:30:00-06:00,271.41505882121544,271.99,270.1,271.06500000000005,272.3142916666664,275.0387222405157,269.5898610928171,96342,,,56.69195700781355,66.07451732197575,-0.4571593610230593,0,43.24929166388863,43.754627784489806,70,80,30,20,50,,43.754627784489806,42.73848509734855,29.5271232545966,30.985210147863956
2025-12-18T11:45:00-06:00,271.24002941060775,272.41,271.24002941060775,272.1825,272.2963749999997,275.0169645003637,269.57578549963574,68213,,,60.97740020666273,64.37547828353807,-0.3844351435402018,0,48.80934601847821,44.587021001609074,70,80,30,20,50,44.587021001609074,,49.99757691288432,29.659772783004428,30.985210147863956
2025-12-18T12:00:00-06:00,271.71126470530385,272.45,271.71126470530385,272.1975,272.2867499999997,275.00662741765046,269.56687258234894,61088,,,63.990125579104095,64.24702738206008,-0.3218798717967388,0,51.66559943456023,45.320623476823776,70,80,30,20,50,,,50.089039565719354,29.72892486776445,30.985210147863956
2025-12-18T12:15:00-06:00,271.9543823526519,272.74,271.9543823526519,272.38125,272.2770416666664,274.9934191168265,269.56066421650627,81750,,,67.90670884920549,65.46692120444187,-0.2545430649117293,0,54.13000548761655,46.1132146899775,70,80,30,20,50,,,51.26505757547667,29.391812270851414,30.985210147863956
2025-12-18T12:30:00-06:00,272.16781617632597,272.96,272.16781617632597,272.6725,272.2639583333331,274.96878542914766,269.55913123751856,58402,,,73.54216727018678,68.15866989302351,-0.17565191347864584,0,57.049019352885615,47.05137086619223,70,80,30,20,50,,,53.14938601158798,28.775659958395384,30.985210147863956
2025-12-18T12:45:00-06:00,272.420158088163,272.67,271.615,272.15375,272.22762499999976,274.90800365410024,269.5472463458993,100621,,,71.98384068012474,69.43372682205727,-0.15322264197436652,0,54.33927660767233,47.375157360834756,70,80,30,20,50,,,49.47976957601119,28.679684956371116,30.985210147863956
2025-12-18T13:00:00-06:00,272.28695404408154,272.28695404408154,271.11,271.51,272.1720416666664,274.8404559495154,269.50362738381745,133011,,,65.26497462838888,68.04414275750115,-0.1852570002889138,0,48.65841355609817,47.09845549982523,70,80,30,20,50,,,45.299893403263304,28.986797685487055,30.985210147863956
2025-12-18T13:15:00-06:00,271.89847702204077,271.89847702204077,271.09,271.3275,272.11891666666645,274.7890110574533,269.4488222758796,72983,,,58.76468961936891,64.95099171145706,-0.22280235793948577,0,44.689501801792616,46.70678730842125,70,80,30,20,50,,46.70678730842125,44.16094406429539,29.28753071538921,30.985210147863956
2025-12-18T13:30:00-06:00,271.6129885110204,271.6129885110204,270.64,271.0375,272.05824999999976,274.7411358529944,269.37536414700514,90716,,,50.10303317281953,60.001672198577886,-0.2728130813644043,0,40.89870133900696,46.12445181213771,70,80,30,20,50,,,42.3392710862947,29.91508763549299,30.985210147863956
2025-12-18T13:45:00-06:00,271.3252442555102,271.3252442555102,270.52,270.8025,271.9872916666664,274.686619984654,269.28796334867883,120928,,,37.26131173269973,52.42155204328517,-0.32763272984414016,0,37.567513068371845,45.42360146776836,70,80,30,20,50,,,40.8680742293676,30.588639842276415,30.985210147863956
2025-12-18T14:00:00-06:00,271.0638721277551,271.6,270.69,271.1825,271.9217916666664,274.60061476675355,269.2429685665793,99927,,,33.89142093655423,46.24484167437486,-0.33653550025030654,0,40.09074725886878,45.26605411042433,70,80,30,20,50,,,44.24199628768816,30.734458396717873,30.985210147863956
2025-12-18T14:15:00-06:00,271.12318606387754,271.95,271.12318606387754,271.72375,271.85816666666636,274.46103565540113,269.2552976779316,112624,,,39.038952755517236,43.842878701422315,-0.29649880469673917,0,46.36519047987734,45.72781490973155,70,80,30,20,50,45.72781490973155,,48.7292601052285,30.282430823953042,30.985210147863956
2025-12-18T14:30:00-06:00,271.4234680319388,272.6,271.4234680319388,272.2075,271.80266666666637,274.3002398833098,269.3050934500229,132616,,,49.079247192202764,45.5883348650158,-0.2231623759331569,0,53.15147704560886,46.619468500978755,70,80,30,20,50,,,52.415216844085585,28.88226662296592,30.985210147863956
2025-12-18T14:45:00-06:00,271.8154840159694,273.21,271.8154840159694,272.5025,271.75958333333307,274.160936539843,269.3582301268231,297578,,,57.28579304759017,49.48748759254059,-0.13962913543821287,0,58.523730137269624,47.678282318184166,70,80,30,20,50,,,54.56057213001932,26.849486878184763,30.985210147863956
2025-12-19T08:30:00-06:00,272.1589920079847,272.8,271.57,272.3075,271.7112499999997,274.0057997017001,269.41670029829936,297519,,,60.340466740525095,53.10514730853543,-0.08814720473208126,0,58.947938750179034,48.36970321622273,70,80,30,20,50,,,52.863939053473395,25.200303095780992,30.350355780460355
2025-12-19T08:45:00-06:00,272.23324600399235,272.92,271.48,272.2025,271.6601249999997,273.8372630631649,269.4829869368345,277571,,,61.07580062751247,55.76203174819444,-0.05518390056363387,0,57.89592198590381,48.84408564251515,70,80,30,20,50,,,51.92757141341583,23.509840272907894,30.350355780460355
2025-12-19T09:00:00-06:00,272.21787300199617,272.21787300199617,270.97,271.6725,271.59549999999973,273.6487072066819,269.5422927933176,291556,,,54.99848914200996,55.50751754613295,-0.0710082759238162,0,51.671591565080504,48.64712205336713,70,80,30,20,50,,,47.36685872390499,22.56925479935903,30.350355780460355
2025-12-19T09:15:00-06:00,271.9451865009981,271.98,271.27,271.70375,271.5641249999997,273.58066278691706,269.54758721308235,132270,,,51.33418483073319,54.116406640999706,-0.08010420219261505,0,48.93049298832422,48.51534058450207,70,80,30,20,50,,,47.65876103687922,21.695854002492222,30.350355780460355
2025-12-19T09:30:00-06:00,271.8244682504991,272.81,271.47,271.97249999999997,271.611208333333,273.5975007845449,269.6249158821212,135528,,,51.18707560144091,53.13996296114677,-0.06487902531267764,0,50.7912764028885,48.742080130695236,70,80,30,20,50,,,50.215887180950816,20.54592033517029,30.350355780460355
2025-12-19T09:45:00-06:00,271.8984841252495,271.9,271.18,271.5425,271.7069999999997,273.36678156202123,270.0472184379782,186834,,,42.64406230572256,49.6413294093387,-0.08651310011833857,0,46.900545840341834,48.41872223131751,70,80,30,20,50,,48.41872223131751,46.31689588536227,19.089305447371505,30.350355780460355
2025-12-19T10:00:00-06:00,271.72049206262477,271.955,271,271.37624999999997,271.7855833333331,273.12019980976015,270.450966856906,129943,,,34.47476177524289,44.5858068646401,-0.11573907781371418,0,43.31432410657615,47.94508197173419,70,80,30,20,50,,,44.86642028444261,17.95312452784037,30.350355780460355
2025-12-19T10:15:00-06:00,271.5483710313124,271.62,271.21,271.3575,271.8312083333331,273.0003222221041,270.6620944445621,109720,,,28.749543564447595,39.307052431242596,-0.13881368623242452,0,41.3237670260566,47.51192608676567,70,80,30,20,50,,,44.6964128344703,16.898099388275746,30.350355780460355
2025-12-19T10:30:00-06:00,271.45293551565624,271.46,270.96,271.16,271.8237916666664,273.00693639644044,270.6406469368924,117334,,,22.567722920516797,33.72727592766733,-0.17106514654648208,0,38.18770834038784,46.890922710841295,70,80,30,20,50,,,42.85440076733288,16.270588990771913,30.350355780460355
2025-12-19T10:45:00-06:00,271.30646775782816,271.42,270.84,271.055,271.80083333333306,273.0156066890466,270.5860599776195,108060,,,18.49066143419113,28.64840442984193,-0.20275999270080547,0,35.51123074656795,46.22100560372607,70,80,30,20,50,,,41.86654440747711,15.856237282022393,30.350355780460355
2025-12-19T11:00:00-06:00,271.1807338789141,271.1807338789141,270.67,270.88500000000005,271.7545833333331,272.9992876713363,270.50987899532987,82706,,,15.676017280115474,24.324275379933113,-0.23884273549748514,0,32.42098299376464,45.42471834691059,70,80,30,20,50,,,40.248851177609936,15.712293464705294,30.350355780460355
2025-12-19T11:15:00-06:00,271.0328669394571,271.0328669394571,270.27,270.6425,271.69666666666643,272.9806510794665,270.41268225386636,171837,,,15.339129630313193,21.329226796726473,-0.2837355654892235,0,28.66410192114141,44.43390774092059,70,80,30,20,50,,,37.99363880198559,16.114703342021073,30.350355780460355
2025-12-19T11:30:00-06:00,270.8376834697285,271.35,270.33,270.91999999999996,271.6376666666664,272.89606193012855,270.37927140320426,158137,,,18.75627014724255,20.47157458023183,-0.29353780476492375,0,33.07844334979468,44.10921159986567,70,80,30,20,50,,,41.99868668300865,15.888358692348056,30.350355780460355
2025-12-19T11:45:00-06:00,270.87884173486424,271.63,270.87884173486424,271.365,271.5857499999997,272.753047734229,270.4184522657703,116691,,,34.165901166411466,25.036350108958374,-0.2623738861944389,0,42.74613432994226,44.60388093111074,70,80,30,20,50,,,47.8192315842037,15.179961676717394,30.350355780460355
2025-12-19T12:00:00-06:00,271.1219208674321,271.68,270.975,271.33375,271.5664166666664,272.73055220679186,270.4022811265409,112440,,,43.82078871034802,31.29782964275492,-0.23746057237201512,0,47.07727848058471,44.984570354606845,70,80,30,20,50,44.984570354606845,,47.45905160733157,14.433324939316943,30.350355780460355
2025-12-19T12:15:00-06:00,271.22783543371605,271.8,270.74,271.1275,271.5856666666664,272.6999685284267,270.47136480490605,113191,,,47.895776351560976,36.830478545690276,-0.23168848237014572,0,45.934890628051,44.99294711165839,70,80,30,20,50,,,45.04739603249344,14.121620533990125,30.350355780460355
2025-12-19T12:30:00-06:00,271.177667716858,271.177667716858,270.4,270.81624999999997,271.57737499999973,272.7105922766371,270.44415772336237,141135,,,43.83138902740178,39.16411537292745,-0.24935492487730926,0,41.22657557456754,44.54201960389714,70,80,30,20,50,,44.54201960389714,41.610990803449,14.348318323106263,30.350355780460355
2025-12-19T12:45:00-06:00,270.996958858429,271.07,270.68,270.90250000000003,271.534708333333,272.6699632026911,270.3994534639749,104195,,,43.00088244528393,40.44303773037961,-0.25347416131592126,0,40.66115775817912,44.324501597097,70,80,30,20,50,,,42.910634552896056,14.558823412999816,30.350355780460355
2025-12-19T13:00:00-06:00,270.9497294292145,271.25,270.57,270.97,271.49379166666637,272.61898229568726,270.3686010376455,172170,,,43.917799625832686,41.601291695530634,-0.24842827349641539,0,41.84418968709446,44.27615268381888,70,80,30,20,50,,,43.96188474751112,14.360390303401276,30.350355780460355
2025-12-19T13:15:00-06:00,270.9598647146073,271.51,270.9598647146073,271.3025,271.45783333333304,272.53521440444507,270.380452262221,69927,,,51.773086460794936,44.991889950618734,-0.21511963462364747,0,48.68849645055998,44.89916870046046,70,80,30,20,50,44.89916870046046,,48.9487728086307,13.631996945191007,30.350355780460355
2025-12-19T13:30:00-06:00,271.13118235730366,271.64,271.13118235730366,271.46500000000003,271.417583333333,272.396130499181,270.439036167485,81263,,,60.25235242511106,50.07871077544951,-0.17360865391560765,0,54.583755991823644,45.74366563459134,70,80,30,20,50,,,51.232895706442065,12.69226854073037,30.350355780460355
2025-12-19T13:45:00-06:00,271.2980911786518,271.75,271.2980911786518,271.5325,271.3968749999997,272.3378006857719,270.45594931422744,71315,,,67.13252066436029,55.76331407175311,-0.13372274419947416,0,58.54209546422827,46.603150340296565,70,80,30,20,50,,,52.189800927380524,11.975951471310804,30.350355780460355
2025-12-19T14:00:00-06:00,271.4152955893259,271.55,271.11,271.33,271.3908749999997,272.3311340845531,270.4506159154463,139431,,,66.89787091909695,59.47483302086772,-0.11710304007203831,0,55.77634049013908,46.93319951634173,70,80,30,20,50,,,49.078519160635295,11.329249693278799,30.350355780460355
2025-12-19T14:15:00-06:00,271.37264779466295,271.38,270.18,270.8925,271.3763749999997,272.3333638432444,270.419386156755,238514,,,59.259074439891286,59.40291349387558,-0.13764768168078945,0,47.05718362413394,46.42214644466865,70,80,30,20,50,,,43.10030147879363,12.286412393653952,30.350355780460355
2025-12-19T14:30:00-06:00,271.13257389733144,271.13257389733144,270.32,270.695,271.364958333333,272.3457221691596,270.38419449750637,177314,,,50.440232216827496,56.41535306819289,-0.1679302620673866,0,40.25878371372542,45.657950833341665,70,80,30,20,50,,45.657950833341665,40.69067935971627,13.175206329716593,30.350355780460355
2025-12-19T14:45:00-06:00,270.9137869486657,274.97,269.9,272.4275,271.41912499999967,272.44796559964476,270.3902844003546,882112,,,50.24417847985743,54.358294872081075,-0.05153706707602623,0,55.677243182411786,47.72874095952821,70,80,30,20,50,47.72874095952821,,61.18887677974077,15.08337026632873,30.350355780460355
2025-12-22T08:30:00-06:00,271.67064347433285,273.88,271.67064347433285,272.95,271.47804166666634,272.6397816842106,270.31630164912207,310982,,,53.54871596224539,54.08843523546918,0.08192241124572774,0,65.78522145650547,50.04568069924939,70,80,30,20,50,,,65.10578900743702,16.855236778897144,29.760848153585584
2025-12-22T08:45:00-06:00,272.3103217371664,273.01,272.09,272.5875,271.506833333333,272.73255518423275,270.2811114824333,240694,,,53.36844049028045,53.84843698707294,0.15663371293663886,0,66.34504988993628,51.44502675034265,70,80,30,20,50,,,60.540776082448865,18.500541397710673,29.760848153585584
2025-12-22T09:00:00-06:00,272.4489108685832,272.74,271.95,272.2975,271.509833333333,272.74281916287566,270.27684750379035,198154,,,51.34161647412525,53.012830149423706,0.1902493058518644,0,63.295251252727184,52.19794919336229,70,80,30,20,50,,,57.091945072989986,19.79788459832703,29.760848153585584
2025-12-22T09:15:00-06:00,272.3732054342916,272.49,271.565,272.02250000000004,271.49383333333304,272.6866823273157,270.3009843393504,155671,,,48.18237942456502,51.40267990780415,0.19248090365323378,0,58.78231889430512,52.43197855981413,70,80,30,20,50,,,53.953169441751065,20.37846858532695,29.760848153585584
2025-12-22T09:30:00-06:00,272.1978527171458,272.1978527171458,271.51,271.935,271.48141666666635,272.6475850246558,270.31524830867687,129719,,,45.50094197009137,49.43543392856656,0.18505573493746397,0,55.562170660347306,52.501790473760614,70,80,30,20,50,,,52.95556791441279,20.82858201276492,29.760848153585584
2025-12-22T09:45:00-06:00,272.0664263585729,272.41,271.99,272.19,271.48099999999965,272.6461459852782,270.3158540147211,108940,,,45.38984560004775,48.08690448572696,0.19747127813809584,0,56.519443531318785,52.90633156529731,70,80,30,20,50,,,55.53584866028581,21.450196517649843,29.760848153585584
2025-12-22T10:00:00-06:00,272.1282131792865,272.79,272.1282131792865,272.43,271.5062499999997,272.7187702748657,270.2937297251337,121253,,,46.89369062356901,47.68916653167431,0.22409346978372469,0,59.24731067198087,53.56915837104954,70,80,30,20,50,,,57.87753260843903,22.37863178766069,29.760848153585584
2025-12-22T10:15:00-06:00,272.2791065896432,272.68,272.21,272.4225,271.530208333333,272.78505644566275,270.27536022100327,77473,,,47.84694430788895,47.74175912374585,0.24179924990738755,0,60.49218859193219,54.12995512524706,70,80,30,20,50,,,57.775134027530925,23.240750252670768,29.760848153585584
2025-12-22T10:30:00-06:00,272.3508032948216,272.52,272.11,272.305,271.5412916666664,272.8172657200748,270.265317613258,88781,,,43.07939747108228,46.18763857285799,0.24354253348116117,0,59.0891523825634,54.39269841737569,70,80,30,20,50,,,56.10052981621179,23.84103818612895,29.760848153585584
2025-12-22T10:45:00-06:00,272.32790164741084,272.32790164741084,271.94,272.125,271.560708333333,272.8537784339304,270.26763823273564,118422,,,42.38626498072173,44.9205140421459,0.2277739660989937,0,55.36019839404229,54.279051004716436,70,80,30,20,50,,,53.5403428224313,24.052680032600435,29.760848153585584
2025-12-22T11:00:00-06:00,272.2264508237054,272.3,271.62,271.975,271.5806666666664,272.8801993925993,270.28113394073347,131107,,,40.36688498714837,43.402637690480056,0.20085814873573327,0,51.105259806251254,53.89969260298115,70,80,30,20,50,,53.89969260298115,51.43386299170175,23.62088964940074,29.760848153585584
2025-12-22T11:15:00-06:00,272.10072541185275,272.10072541185275,271.52,271.80375,271.5955416666664,272.8947319086886,270.29635142464423,103953,,,34.56099624143177,40.455423874130624,0.1638203072262172,0,46.40586322130028,53.25448918636741,70,80,30,20,50,,,49.060666978378094,23.027646997738273,29.760848153585584
2025-12-22T11:30:00-06:00,271.95223770592634,272.135,271.81,271.96875,271.6224999999997,272.91797931935906,270.3270206806404,108404,,,34.98727874428781,38.63270883084969,0.14609755040567052,0,47.25819580877494,53.005629056167685,70,80,30,20,50,,,51.38803820986948,22.527288649161154,29.760848153585584
2025-12-22T11:45:00-06:00,271.96049385296317,272.14,271.4,271.7525,271.64574999999974,272.9245842022569,270.3669157977426,105000,,,31.778089906264047,36.3478358559878,0.11329655802029492,0,44.22473477472529,52.37487214604588,70,80,30,20,50,,,48.27495223025414,21.257775150181324,29.760848153585584
2025-12-22T12:00:00-06:00,271.85649692648155,271.85649692648155,270.92,271.21500000000003,271.65674999999976,272.9147273117096,270.3987726882899,131932,,,26.443860294015874,33.04651066866383,0.04342915306853001,0,36.64652921466296,50.93010137958773,70,80,30,20,50,,,41.53909139760976,20.216069010502395,29.760848153585584
2025-12-22T12:15:00-06:00,271.5357484632408,271.5357484632408,270.74,270.89750000000004,271.66524999999973,272.89891077869873,270.4315892213007,91488,,,20.335425763021362,28.809482366783005,-0.037132821216403045,0,30.406649636000417,49.226438959765204,70,80,30,20,50,,,38.15263323091878,19.530067815583035,29.760848153585584
2025-12-22T12:30:00-06:00,271.2166242316204,271.2166242316204,270.75,270.9325,271.6656666666664,272.89832837573323,270.4330049575996,90872,,,17.161819422538557,24.926928052034857,-0.09703598829190696,0,28.091526351738228,47.82897657610876,70,80,30,20,50,,,38.745471082341844,18.89306670601506,29.760848153585584
2025-12-22T12:45:00-06:00,271.0745621158102,271.0745621158102,270.52,270.78499999999997,271.6463333333331,272.9149216126071,270.37774505405906,98842,,,16.32717195281225,22.06034268562732,-0.15462922758706554,0,25.716043053508763,46.40247054207567,70,80,30,20,50,,,37.130181320860586,18.67733677868229,29.760848153585584
2025-12-22T13:00:00-06:00,270.9297810579051,270.9297810579051,270.69,270.8,271.62854166666637,272.9287440681861,270.3283392651466,77672,,,16.128226994759196,20.08297078867128,-0.19679339823039754,0,24.953279559838077,45.204264524140434,70,80,30,20,50,,,37.415925407561396,18.477016131873288,29.760848153585584
2025-12-22T13:15:00-06:00,270.8648905289525,271.03,270.66,270.855,271.61945833333306,272.9372239112203,270.3016927554458,87521,,,17.645155445066532,19.27036567413636,-0.22319788066340607,0,26.288295393925267,44.31293824442143,70,80,30,20,50,,,38.51931742624794,18.051953856142298,29.760848153585584
2025-12-22T13:30:00-06:00,270.85994526447627,271.03,270.75,270.8875,271.6218333333331,272.9340450054164,270.30962166124976,75819,,,19.325165358439534,19.288632235570752,-0.23874899504068026,0,28.05129841630452,43.63140560685888,70,80,30,20,50,,,39.201443462702294,17.657253171534947,29.760848153585584
2025-12-22T13:45:00-06:00,270.8737226322381,271.07,270.86,270.9425,271.6231666666664,272.93253017832393,270.3138031550089,62579,,,21.576859210153362,20.051374560431622,-0.24382466590560625,0,30.911936316602954,43.201411457866236,70,80,30,20,50,,,40.406449489414065,17.184704672573005,29.760848153585584
2025-12-22T14:00:00-06:00,270.90811131611906,271.05,270.84,270.9475,271.62241666666637,272.93330074078904,270.3115325925437,81831,,,25.04677465523442,21.71650792536589,-0.2446238420429836,0,32.539147722448305,42.844137928917775,70,80,30,20,50,,,40.52185999075277,16.790731169605667,29.760848153585584
2025-12-22T14:15:00-06:00,270.9278056580595,271.105,270.715,270.88374999999996,271.60845833333303,272.9414031752698,270.2755134913963,98875,,,28.63486020019306,24.022625350308278,-0.24754771118722374,0,31.96459193803581,42.394551345658954,70,80,30,20,50,,,39.47223855447664,16.710876334727292,29.760848153585584
2025-12-22T14:30:00-06:00,270.9057778290297,270.9057778290297,270.5,270.64250000000004,271.5810416666664,272.95777740196763,270.2043059313652,131959,,,25.718206249703233,24.58781898343993,-0.2662624495630439,0,27.533273843266805,41.50237985437154,70,80,30,20,50,,,35.70326516100333,17.103264530862596,29.760848153585584
2025-12-22T14:45:00-06:00,270.7741389145149,271.17,270.23,270.715,271.55379166666637,272.9652166977431,270.14236663558967,342376,,,34.344052393417684,27.83989678676585,-0.27210718818156465,0,28.575343010170517,40.98614315857854,70,80,30,20,50,,,37.63060463592407,17.99451663390537,29.760848153585584
2025-12-23T08:30:00-06:00,270.7445694572574,271.35,269.55,270.7475,271.53437499999967,272.973338421894,270.0954115781053,250880,,,45.071960854870746,33.58391814280082,-0.27099287013987805,0,30.589607387407803,40.65736131030786,70,80,30,20,50,,,38.52027929654842,19.85105257998148,29.213448214344723
2025-12-23T08:45:00-06:00,270.74603472862873,271.93,270.74603472862873,271.3675,271.55020833333305,272.9709096102855,270.1295070563806,187355,,,55.50315597607628,40.89033075389264,-0.2175729016440755,0,47.96379144495562,42.23024509405088,70,80,30,20,50,42.23024509405088,,52.45398968838051,19.948141281352648,29.213448214344723
2025-12-23T09:00:00-06:00,271.0567673643144,271.51,270.7,271.185,271.5665416666664,272.95851548765967,270.17456784567315,110067,,,59.901263647916316,47.22730838523387,-0.18779859126539122,0,51.98080121755911,43.12462310975973,70,80,30,20,50,,,48.93808021186729,20.113371409103134,29.213448214344723
2025-12-23T09:15:00-06:00,271.1208836821572,271.6,270.57,271.075,271.52145833333304,272.8863183817147,270.1565982849514,96425,,,61.29271918264421,51.91577865103732,-0.1711059140026805,0,51.4318547138317,43.62769156452821,70,80,30,20,50,,,46.89763652052336,20.483291300628217,29.213448214344723
2025-12-23T09:30:00-06:00,271.09794184107864,271.2,270.7,270.9875,271.4560416666664,272.7255466692605,270.1865366640723,58842,,,60.99486600971803,54.94214110393089,-0.16305773764014475,0,49.16930160853965,43.84804576112687,70,80,30,20,50,,,45.28034803901813,20.826788342758654,29.213448214344723
2025-12-23T09:45:00-06:00,271.0427209205393,271.56,271.0427209205393,271.325,271.413958333333,272.6123553675811,270.215561299085,52485,,,65.52318798406945,58.46915673064374,-0.12797090159949676,0,54.944415123334,44.95319317786242,70,80,30,20,50,,,52.1366513866435,20.14983683720908,29.213448214344723
2025-12-23T10:00:00-06:00,271.18386046026967,271.9,271.18386046026967,271.64375,271.39216666666636,272.5485448008437,270.23578853248904,169309,,,73.00635501458977,63.314889491959086,-0.07359550696259021,0,62.20768003620236,46.6323540633195,70,80,30,20,50,,,57.546899818790536,18.712554048310732,29.213448214344723
2025-12-23T10:15:00-06:00,271.4138052301348,271.95,271.4138052301348,271.75374999999997,271.3832083333331,272.5239737349913,270.2424429316749,62062,,,79.27854223194844,68.63610707195554,-0.02138007803665687,0,67.09582690497736,48.31582808257586,70,80,30,20,50,,,59.25840920774222,17.48717890470585,29.213448214344723
2025-12-23T10:30:00-06:00,271.5837776150674,272.17,271.5837776150674,271.915,271.3825416666664,272.52203908584397,270.2430442474888,84491,,,82.94142001213872,73.40454471868327,0.03263634152682471,0,71.26857374254747,50.09988261518336,70,80,30,20,50,,,61.69623707713211,16.84046976195354,29.213448214344723
2025-12-23T10:45:00-06:00,271.7493888075337,272.32,271.7493888075337,272.10249999999996,271.37962499999975,272.51126119566436,270.24798880433514,77032,,,84.4847561985681,77.09794854531155,0.08954223900218494,0,75.11585194535604,52.002064515806694,70,80,30,20,50,,,64.36624686985837,16.559027894861085,29.213448214344723
2025-12-23T11:00:00-06:00,271.92594440376683,272.23,271.69,271.95625,271.36383333333305,272.4486516618278,270.2790150048383,65026,,,82.72793270380765,78.97460993147692,0.12143954056830353,0,72.48198767943184,53.17590500408786,70,80,30,20,50,,,60.80586817791544,16.133363361665975,29.213448214344723
2025-12-23T11:15:00-06:00,271.9410972018834,271.9410972018834,271.48,271.655,271.3382499999997,272.35613006839344,270.3203699316059,41145,,,75.81862180253805,77.9226138884973,0.12101503848401762,0,63.58089457716471,53.30715255590974,70,80,30,20,50,,,54.16026164275195,15.16924015349404,29.213448214344723
2025-12-23T11:30:00-06:00,271.7980486009417,271.7980486009417,271.12,271.4275,271.3089999999997,272.26247028463166,270.3555297153677,60020,,,65.51488367082821,73.78670381594094,0.1011552144751704,0,54.73949755648343,52.83142506829356,70,80,30,20,50,,,49.739196398788415,14.757691394543638,29.213448214344723
2025-12-23T11:45:00-06:00,271.61277430047085,271.65,271.26,271.49,271.287833333333,272.1949721352014,270.38069453146466,41041,,,55.349294702225315,67.64090077803573,0.08942851230898441,0,51.64308157233434,52.577155814420436,70,80,30,20,50,,52.577155814420436,50.924405664245114,14.375538975518264,29.213448214344723
2025-12-23T12:00:00-06:00,271.5513871502354,271.75,271.5513871502354,271.64125,271.27670833333303,272.1576735909093,270.39574307575674,41126,,,51.3786964681506,62.22016600807402,0.09128732386182037,0,53.21893015753517,52.7356396481195,70,80,30,20,50,52.7356396481195,,53.765784567163415,13.736030414701512,29.213448214344723
2025-12-23T12:15:00-06:00,271.5963185751177,271.81,271.5,271.665,271.27208333333306,272.1433356250453,270.4008310416208,33515,,,49.391353200989876,57.9438950723793,0.0935979332110719,0,54.498728147495726,52.93276286515337,70,80,30,20,50,,,54.214063775873534,12.969046508182252,29.213448214344723
2025-12-23T12:30:00-06:00,271.63065928755884,272.12,271.63065928755884,271.895,271.26962499999973,272.13338450322385,270.4058654967756,47632,,,54.455346578437265,56.781045574398625,0.11268917491537422,0,59.50214145435465,53.66422542322213,70,80,30,20,50,,,58.418732050669036,12.663047070315288,29.213448214344723
2025-12-23T12:45:00-06:00,271.7628296437794,272.09,271.65,271.8825,271.2739583333331,272.14860018469983,270.39931648196637,40719,,,57.48411994118029,57.01540369665918,0.1253653423484593,0,61.605256035996604,54.25651785451032,70,80,30,20,50,,,58.10641865788357,12.378904735153109,29.213448214344723
2025-12-23T13:00:00-06:00,271.8226648218897,271.8226648218897,271.5,271.6225,271.2875416666664,272.17071456491675,270.4043687684161,55815,,,53.412836717543364,55.81454803695391,0.11312740694876311,0,55.30779503201627,53.94127197653867,70,80,30,20,50,,,51.892173769722966,11.65046189729273,29.213448214344723
2025-12-23T13:15:00-06:00,271.7225824109448,271.81,271.54,271.6775,271.3135416666664,272.1951774766847,270.43190585664814,53967,,,54.19189114502907,55.2736624063123,0.1066375440920524,0,53.53247954659572,53.82061818248582,70,80,30,20,50,,53.82061818248582,53.03636852114233,10.974050690708095,29.213448214344723
2025-12-23T13:30:00-06:00,271.7000412054724,272.21,271.7000412054724,271.985,271.34862499999974,272.2503530517387,270.44689694826076,58932,,,62.58052681839947,57.709283877008026,0.12486756556796763,0,58.916788142059374,54.50043512086233,70,80,30,20,50,54.50043512086233,,58.9192452203096,11.437191317567681,29.213448214344723
2025-12-23T13:45:00-06:00,271.8425206027362,272.44,271.8425206027362,272.17999999999995,271.3951249999998,272.3193901022297,270.47085989776986,51072,,,67.70905177723675,61.04253984375094,0.153282909281927,0,64.48866754269739,55.521259028602095,70,80,30,20,50,,,62.15661442891059,12.387162353582989,29.213448214344723
2025-12-23T14:00:00-06:00,272.0112603013681,272.17,271.97,272.065,271.4372916666664,272.3645250254309,270.5100583079019,51388,,,65.17482884439893,62.4199695106336,0.1646250400061149,0,63.77463723243278,56.01095411373336,70,80,30,20,50,,,59.193972167086606,13.269278315597202,29.213448214344723
2025-12-23T14:15:00-06:00,272.0381301506841,272.12,271.93,272.0475,271.4770416666664,272.4032598922924,270.55082344104045,59250,,,62.864779513287765,62.56823951151832,0.17023924453354766,0,62.86808133151317,56.374184362760325,70,80,30,20,50,,,58.73518098143557,13.93268393787212,29.213448214344723
2025-12-23T14:30:00-06:00,272.04281507534205,272.175,271.85,272.01875,271.51474999999976,272.4339766677702,270.59552333222933,57679,,,60.305243079780944,61.81390736760586,0.17040434216011136,0,61.41332941667551,56.58304774908306,70,80,30,20,50,,,57.94065976018082,14.231157916113396,29.213448214344723
2025-12-23T14:45:00-06:00,272.03078253767103,272.48,271.84,272.135,271.5544999999998,272.4744398983946,270.63456010160496,349360,,,61.80213484230223,61.80998319250465,0.17786526660069057,0,63.33500693332207,57.07601733664103,70,80,30,20,50,,,60.280319655767855,15.266526290848503,29.213448214344723
2025-12-24T08:30:00-06:00,272.0828912688355,274.74,272.0828912688355,273.33375,271.6340416666664,272.72672313208693,270.5413602012459,292104,,,60.06716396894226,61.22904345131719,0.2773105462438821,0,74.96500684557219,59.52555263543526,70,80,30,20,50,,,75.44753207759777,18.816472701346264,28.941438492818
2025-12-24T08:45:00-06:00,272.70832063441776,274.41,272.70832063441776,274.0775,271.74049999999977,273.10784270881607,270.3731572911835,136753,,,66.47706764596124,62.97838484953187,0.41139376481061163,0,82.84269704939507,62.31394615673964,70,80,30,20,50,,,80.43850404521808,22.112851511094185,28.941438492818
2025-12-24T09:00:00-06:00,273.3929103172089,274.3,273.3929103172089,274.0675,271.85466666666645,273.39698093607126,270.31235239726163,80264,,,70.2773749714424,65.41138155683538,0.5109587506983644,0,86.5636203730016,64.69907827758651,70,80,30,20,50,,,80.20243706309114,25.173774691574398,28.941438492818
2025-12-24T09:15:00-06:00,273.73020515860446,274.45,273.73020515860446,274.0725,271.9665833333331,273.6432738898246,270.2898927768416,138850,,,72.5125028545247,67.7784219893985,0.583541474676565,0,88.43765767553774,66.77035754891224,70,80,30,20,50,,,80.23367281252948,28.11727062455019,28.941438492818
2025-12-24T09:30:00-06:00,273.9013525793022,274.33,273.9013525793022,274.1375,272.07958333333306,273.86576470404077,270.29340196262535,70266,,,74.74971454669448,70.10218617516382,0.6389434211018852,0,89.57164933561724,68.62242289645062,70,80,30,20,50,,,80.66084765545007,30.85051684802771,28.941438492818
2025-12-24T09:45:00-06:00,274.0194262896511,274.56,274.0194262896511,274.39,272.18033333333307,274.12814491876685,270.2325217478993,78491,,,79.14348785871564,73.11595340301443,0.6952105481177,0,90.86177773123192,70.4413419540914,70,80,30,20,50,,,82.26431582875652,33.549646415936415,28.941438492818
2025-12-24T10:00:00-06:00,274.2047131448255,275.04,274.2047131448255,274.77250000000004,272.29991666666643,274.4213755724653,270.17845776086756,98377,,,83.30920023914398,76.51370234839095,0.761884672724193,0,92.35322429106012,72.2994911223777,70,80,30,20,50,,,84.37746071623869,36.349523879097596,28.941438492818
2025-12-24T10:15:00-06:00,274.4886065724128,275.04,274.4886065724128,274.895,272.42724999999973,274.69299586692813,270.16150413307133,57487,,,87.36238349276228,80.12992939651473,0.8152118680970943,0,93.32847996707395,73.99210591597082,70,80,30,20,50,,,84.99410207432614,38.94941009489012,28.941438492818
2025-12-24T10:30:00-06:00,274.6918032862064,275.21,274.6918032862064,275.02,272.5616666666664,274.9452066053119,270.17812672802086,95596,,,89.54962232207863,83.26982703836937,0.8576737805049675,0,94.04836069074611,75.54221509959945,70,80,30,20,50,,,85.6179247931855,41.46301174828116,28.941438492818
2025-12-24T10:45:00-06:00,274.85590164310315,275.34,274.85590164310315,275.1975,272.69074999999975,275.20809959832695,270.17340040167255,62078,,,91.2281504222773,85.92260149967201,0.8953271445794257,0,94.71963177401793,77.00026433609013,70,80,30,20,50,,,86.4775843732795,43.87162910222811,28.941438492818
2025-12-24T11:00:00-06:00,275.0267008215516,275.29,274.97,275.16,272.8079583333331,275.44403421139725,270.17188245526893,54949,,,91.07057812410146,87.63859370781516,0.9116330321639339,0,93.69600191673572,78.10920410959535,70,80,30,20,50,,,85.31731263737935,46.108202359464556,28.941438492818
2025-12-24T11:15:00-06:00,275.09335041077577,275.43,275.09335041077577,275.295,272.9259999999997,275.6773082040493,270.1746917959501,73045,,,91.39967376953437,88.89228706172156,0.9247885505601516,0,93.57584787406557,79.16708293238948,70,80,30,20,50,,,86.04329528055123,48.27009467592392,28.941438492818
2025-12-24T11:30:00-06:00,275.19417520538786,275.39,274.86,275.12,273.03283333333303,275.8664844626268,270.1991822040393,104778,,,87.50666062843781,88.43041158396032,0.9105965658214927,0,87.01266124338724,79.34315153973691,70,80,30,20,50,,,80.48759748749524,49.27832032667827,28.941438492818
2025-12-24T11:45:00-06:00,275.15708760269393,275.15708760269393,273.59,274.3125,273.10649999999976,275.95444812105205,270.25855187894746,184207,,,71.42654186823414,82.76245501205159,0.8246843662020638,0,66.502434348398,76.88885358022227,70,80,30,20,50,,76.88885358022227,60.935916843377186,46.53358380228943,28.941438492818
2025-12-26T08:30:00-06:00,274.734793801347,275.33,273.9,274.62,273.1952916666664,276.06030247845143,270.3302808548813,159640,,,66.27711486867804,77.26734163092708,0.7725060403897146,0,60.56432118000559,75.23365899553887,70,80,30,20,50,,,64.47489419509674,44.26802550846958,27.576502398095155
2025-12-26T08:45:00-06:00,274.6773969006735,275.37,274.35,274.8275,273.30104166666644,276.16503109603934,270.4370522372935,115524,,,66.60322150665475,73.7126349228363,0.7393748046063138,0,60.13137107099049,74.09173517311693,70,80,30,20,50,,,66.66923032737432,42.23095218016213,27.576502398095155
2025-12-26T09:00:00-06:00,274.7524484503367,274.7524484503367,274.14,274.4325,273.40120833333305,276.20566442171366,270.5967522449524,83192,,,59.66482883052373,69.03003289206545,0.6734813884842197,0,53.978215101909015,72.10295419725931,70,80,30,20,50,,,59.17587785418478,39.85714423837426,27.576502398095155
2025-12-26T09:15:00-06:00,274.59247422516836,274.82,274.28,274.57,273.50387499999977,276.24575873130334,270.7619912686962,66189,,,57.53017574208831,65.1967471754064,0.625149152052586,0,52.85130642763424,70.59942002431615,70,80,30,20,50,,,60.826447900185634,37.78163339735003,27.576502398095155
2025-12-26T09:30:00-06:00,274.5812371125842,274.95,274.5812371125842,274.77250000000004,273.6082499999997,276.29643802051356,270.92006197948587,61556,,,59.77555194400164,63.389682098271486,0.5963116545399885,0,55.034664289643516,69.61110534865864,70,80,30,20,50,,,63.18705995688483,36.10558866516036,27.576502398095155
2025-12-26T09:45:00-06:00,274.6768685562921,274.88,274.46,274.6775,273.70866666666643,276.32304310075085,271.094290232582,45270,,,59.55145491918978,62.11027303857759,0.5593442515938136,0,54.44893476498396,68.50564754721732,70,80,30,20,50,,,61.320171837848775,34.23823083582254,27.576502398095155
2025-12-26T10:00:00-06:00,274.67718427814606,274.98,274.43,274.64250000000004,273.8002499999997,276.34565798962626,271.2548420103732,81864,,,59.19171068686836,61.13741892134118,0.5212148703499793,0,53.49403621392953,67.45285140773763,70,80,30,20,50,,,60.609676501119594,32.714736782666805,27.576502398095155
2025-12-26T10:15:00-06:00,274.659842139073,274.93,274.38,274.655,273.89266666666646,276.35274447146384,271.4325888618691,38997,,,59.404960682630964,60.55993284177111,0.48639880390135204,0,53.25718199655687,66.56372947063852,70,80,30,20,50,,,60.784436879494315,31.160398705993003,27.576502398095155
2025-12-26T10:30:00-06:00,274.6574210695365,274.93,274.6,274.755,273.9970833333331,276.3252513661513,271.66891530051487,30413,,,58.99106222379484,60.03697596911235,0.46155546062794883,0,55.16938789125645,65.98565880480044,70,80,30,20,50,,,62.228199476852886,29.717084777653053,27.576502398095155
2025-12-26T10:45:00-06:00,274.7062105347683,274.73,274.53,274.6175,274.0950833333331,276.2666903548069,271.9234763118593,35959,,,52.267754219657625,57.447235385960774,0.42586275053474765,0,52.64959371749511,65.05572331363815,70,80,30,20,50,,,59.011142621083266,28.160116576444434,27.576502398095155
2025-12-26T11:00:00-06:00,274.6618552673841,274.75,274.41,274.5725,274.1813333333331,276.21181377049464,272.15085289617156,194846,,,52.0078678924697,55.63411288813041,0.38945549618216546,0,50.27595625256992,64.10898111232433,70,80,30,20,50,,,57.955156803784504,26.343860364026384,27.576502398095155
2025-12-26T11:15:00-06:00,274.61717763369205,274.69,274.47,274.57500000000005,274.26116666666644,276.1543058072809,272.368027526052,27240,,,48.71953097593473,53.32925225073185,0.3566924849807833,0,49.16394270586244,63.29446667124287,70,80,30,20,50,,,58.00012280421341,24.657336738209622,27.576502398095155
2025-12-26T11:30:00-06:00,274.5960888168461,274.64,274.23,274.4675,274.3412499999998,276.0503177283768,272.63218227162275,37229,,,43.035242872843355,49.897915791435686,0.31838308891155975,0,45.582495010689975,62.22363260187812,70,80,30,20,50,,,55.26321115100724,23.43694178868461,27.576502398095155
2025-12-26T11:45:00-06:00,274.531794408423,274.531794408423,274.34,274.4275,274.4205833333332,275.9022121854938,272.9389544811726,21680,,,37.46793969300628,45.75459042529255,0.2815494243113221,0,42.70328749571311,61.15883264131996,70,80,30,20,50,,,54.237632897691896,22.303717906982815,27.576502398095155
2025-12-26T12:00:00-06:00,274.4796472042115,274.64,274.4796472042115,274.5525,274.50504166666644,275.6881890376745,273.3218942956584,22435,,,39.31195979533712,43.60704688197407,0.25945410960383697,0,46.04570086730387,60.59468344258847,70,80,30,20,50,,,56.927713650833795,20.868534383513175,27.576502398095155
2025-12-26T12:15:00-06:00,274.51607360210573,274.63,274.43,274.5375,274.5851249999998,275.3759337501829,273.79431624981663,23492,,,40.85083033974901,42.688308034565715,0.23798964241592557,0,47.17940393497407,60.04852746050223,70,80,30,20,50,,,56.498513576941676,19.703723685805556,27.576502398095155
2025-12-26T12:30:00-06:00,274.5267868010529,274.95,274.38,274.64750000000004,274.62891666666644,275.26878733519527,273.9890459981376,50380,,,46.56259059687134,43.97973555533426,0.22723554826677628,0,51.80340156691795,59.90113919733745,70,80,30,20,50,,,58.94311548676638,19.03825944737541,27.576502398095155
2025-12-26T12:45:00-06:00,274.58714340052643,274.98,274.58714340052643,274.77750000000003,274.6522499999998,275.2602458197068,274.0442541802928,31028,,,55.37506039791483,47.77817716952779,0.22659076740046658,0,57.99203708883017,60.138798083146504,70,80,30,20,50,,,61.683580840905364,18.511403251804328,27.576502398095155
2025-12-26T13:00:00-06:00,274.68232170026323,274.77,274.53,274.6575,274.67191666666645,275.23982904756036,274.10400428577253,25209,,,55.91670693194362,50.491020423666406,0.21393071666585683,0,55.92587249489732,59.83300692331264,70,80,30,20,50,,,57.84536438439248,17.795991170674693,27.576502398095155
2025-12-26T13:15:00-06:00,274.6699108501316,274.81,274.58,274.69,274.6924999999998,275.21496211989864,274.170037880101,23743,,,57.722249065739284,52.90142997102404,0.20416650920526536,0,56.00834348253852,59.66817679970282,70,80,30,20,50,,,58.596780996239026,17.268483650601368,27.576502398095155
2025-12-26T13:30:00-06:00,274.6799554250658,274.82,274.51,274.65,274.70958333333317,275.1901768610848,274.22898980558153,29765,,,57.14816604382437,54.31700866195748,0.1909989220585544,0,54.22873921128995,59.34499410114597,70,80,30,20,50,,,57.24430656052647,16.479367744261733,27.576502398095155
2025-12-26T13:45:00-06:00,274.6649777125329,274.6649777125329,274.47,274.52,274.7139166666665,275.18515914391736,274.2426741894156,26260,,,47.4737773625493,52.03593156215476,0.16813544013956516,0,48.15845491018409,58.49440245519698,70,80,30,20,50,,,52.965556756528535,15.573473252950926,27.576502398095155
2025-12-26T14:00:00-06:00,274.5924888562664,274.5924888562664,274.11,274.32,274.69883333333314,275.1901491404694,274.2075175261969,55553,,,39.69516191985963,47.92234168138972,0.1323519663837942,0,39.614910626815,56.97903549992894,70,80,30,20,50,,,47.12915029068666,15.532730750951677,27.576502398095155
2025-12-26T14:15:00-06:00,274.45624442813323,274.45624442813323,273.88,274.0425,274.67041666666654,275.20936639114234,274.13146694219074,89198,,,31.387683704149428,42.41078902230962,0.08067144459351994,0,30.71951771135958,54.77733197959816,70,80,30,20,50,,,40.4662590974481,16.167645694186366,27.576502398095155
2025-12-26T14:30:00-06:00,274.2493722140666,274.2493722140666,273.6,273.8225,274.63049999999987,275.23354283979313,274.0274571602066,110003,,,26.299518604697898,37.04036554977238,0.021711817041705217,0,23.916429503806096,52.288078311550386,70,80,30,20,50,,,36.107929469239856,17.44199069729752,27.576502398095155
2025-12-26T14:45:00-06:00,274.0359361070333,274.0359361070333,272.86,273.425,274.5714166666665,275.2789448561683,273.86388847716466,418874,,,26.416660201874013,33.49913043380626,-0.0564384531717792,0,17.839061990405618,49.296588912370126,70,80,30,20,50,,,29.851907817698418,19.8756662736045,27.576502398095155
2025-12-29T08:30:00-06:00,273.7304680535167,274.36,272.37,273.2625,274.5081666666665,275.3247682967774,273.69156503655563,156955,,,29.753963944106328,32.250741603906285,-0.12998708706356865,0,14.03710537689999,46.42187772763704,70,80,30,20,50,,,27.73625502687196,22.686412489447903,26.309061738709648
2025-12-29T08:45:00-06:00,273.49648402675837,274.055,273.49,273.78125,274.4577083333332,275.2605538153762,273.65486285129015,53888,,,39.036656234846426,34.512713147553,-0.14474755991824395,0,26.761752607973783,45.818120944911584,70,80,30,20,50,,,41.89370185719613,25.296391118445342,26.309061738709648
2025-12-29T09:00:00-06:00,273.6388670133792,273.97,272.91,273.4675,274.40262499999983,275.24207431103446,273.5631756889652,63441,,,40.9564102790129,36.66061219137297,-0.17969097813863755,0,29.433068904108314,44.662737890416885,70,80,30,20,50,,,37.15274803620134,28.241931086487863,26.309061738709648
2025-12-29T09:15:00-06:00,273.5531835066896,274.01,273.11,273.545,274.3770416666665,275.2709340173849,273.48314931594814,96760,,,44.37052494861615,39.23058311045403,-0.19883820348917425,0,32.50418662298714,43.9062917804457,70,80,30,20,50,,,38.989392065633005,30.820812662693907,26.309061738709648
2025-12-29T09:30:00-06:00,273.5490917533448,274.03,273.5490917533448,273.87,274.3520416666665,275.2592086128106,273.44487472052236,70682,,,52.07765061992858,43.512938946945546,-0.185647702513279,0,40.484484534427736,44.19914705958553,70,80,30,20,50,,,46.10270637399442,33.133035526889095,26.309061738709648
2025-12-29T09:45:00-06:00,273.7095458766724,273.8,272.98,273.455,274.3062916666665,275.25060589833396,273.361977434999,33853,,,52.05421002429517,46.360029306062096,-0.20630303419869733,0,38.91049279242175,43.60357986701289,70,80,30,20,50,,,39.73239311529073,35.745756527848876,26.309061738709648
2025-12-29T10:00:00-06:00,273.5822729383362,273.5822729383362,273.13,273.2875,274.2681249999998,275.27914938770175,273.2571006122979,23388,,,50.071315895594005,47.597124835906065,-0.23349677800689506,0,36.30198819816267,42.787271352040484,70,80,30,20,50,,,37.481266004719856,38.17185460016867,26.309061738709648
2025-12-29T10:15:00-06:00,273.4348864691681,273.4348864691681,273.08,273.235,274.2236249999998,275.2933968507206,273.153853149279,18348,,,47.869989491535115,47.68807972111575,-0.25632951998761655,0,34.41735989291227,41.98602395233014,70,80,30,20,50,,,36.77791585421291,40.4630125974079,26.309061738709648
2025-12-29T10:30:00-06:00,273.33494323458405,273.33494323458405,272.83,273.0875,274.1674583333332,275.29161514392626,273.0433015227401,26964,,,43.931751788326075,46.43597041018586,-0.2830636680353109,0,31.824607015452564,41.02814807021565,70,80,30,20,50,,,34.80195483647144,42.77569381679186,26.309061738709648
2025-12-29T10:45:00-06:00,273.21122161729204,273.28,272.96,273.1,274.11487499999987,275.28530731859865,272.9444426814011,17977,,,36.634773301061834,43.16890470714452,-0.2997862778386775,0,30.87966676422734,40.24040626504673,70,80,30,20,50,,,35.12008453144874,44.92318352050553,26.309061738709648
2025-12-29T11:00:00-06:00,273.15561080864603,273.28,273.01,273.14250000000004,274.06487499999986,275.2685617584525,272.8611882415472,22322,,,33.103737756265105,39.81384905685138,-0.306081356427228,0,31.735067023437757,39.70953856774626,70,80,30,20,50,,,36.25889853529317,46.91728110252538,26.309061738709648
2025-12-29T11:15:00-06:00,273.149055404323,273.27,272.96,273.0925,274.0127916666665,275.24471964136063,272.78086369197234,16258,,,29.360825170843157,36.32950776151531,-0.3115138954190684,0,31.356933645327747,39.14427900261723,70,80,30,20,50,,,35.47009182927857,48.81026940731654,26.309061738709648
2025-12-29T11:30:00-06:00,273.1207777021615,273.13,272.96,273.04999999999995,273.9559583333332,275.2029035478694,272.7090131187969,14943,,,25.684994558339117,32.78133669378991,-0.3156104556500736,0,30.443776210433832,38.56204584846281,70,80,30,20,50,,,34.77753034645907,50.568044261765465,26.309061738709648
2025-12-29T11:45:00-06:00,273.0853888510807,273.27,273.03,273.1525,273.90712499999984,275.16133975268406,272.6529102473156,22099,,,28.20580393236291,31.256159106647576,-0.3070466728606789,0,34.083035143286764,38.47717153553357,70,80,30,20,50,,,37.925488501493504,51.398807173785684,26.309061738709648
2025-12-29T12:00:00-06:00,273.11894442554035,273.47,273.09,273.2975,273.8646249999999,275.11216343457295,272.6170865654268,15826,,,39.51886851152895,34.01039557494136,-0.2852710974802335,0,40.915044551823584,38.970503632692726,70,80,30,20,50,38.970503632692726,,42.17716226422723,51.12139752572665,26.309061738709648
2025-12-29T12:15:00-06:00,273.2082222127702,273.67,273.2082222127702,273.55500000000006,273.8306249999998,275.0542369261738,272.60701307382584,23106,,,55.11575361086263,41.04551492024845,-0.24441819827927702,0,50.865134108129425,40.29099267814229,70,80,30,20,50,,,48.87417147356443,49.92779790627722,26.309061738709648
2025-12-29T12:30:00-06:00,273.3816111063851,274,273.3816111063851,273.7925,273.8081249999998,275.008672227716,272.6075777722836,45879,,,64.1654881622281,48.752172667574996,-0.19067967955169252,0,59.99472623748195,42.13871685680814,70,80,30,20,50,,,54.148924018136185,47.510593765215056,26.309061738709648
2025-12-29T12:45:00-06:00,273.58705555319256,273.98,273.58705555319256,273.90250000000003,273.7906249999998,274.96966110882363,272.611588891176,17973,,,72.98532544148648,56.82989025887883,-0.1376289349126978,0,66.146559706967,44.039284101647866,70,80,30,20,50,,,56.39297119310608,45.26604706280018,26.309061738709648
2025-12-29T13:00:00-06:00,273.74477777659627,273.91,273.52,273.725,273.7630416666665,274.9077089552172,272.6183743781158,16395,,,73.17611439688933,62.278631638215664,-0.1086560844415203,0,63.360857220894204,45.09707392545856,70,80,30,20,50,,,51.97270778022806,43.36839662219708,26.309061738709648
2025-12-29T13:15:00-06:00,273.73488888829814,273.79,273.44,273.6125,273.7322083333331,274.8410413692291,272.6233752974371,20836,,,69.69753780305503,64.75160035982879,-0.09369267071690501,0,58.72531829432536,45.661907378650895,70,80,30,20,50,,,49.333324824401075,41.82960947296806,26.309061738709648
2025-12-29T13:30:00-06:00,273.6736944441491,273.88,273.67,273.7575,273.7025416666665,274.75818098393376,272.6469023493992,28687,,,72.02592263793406,67.17637445253054,-0.06933452411539065,0,59.59067029981777,46.596271693433856,70,80,30,20,50,,,52.66963973952311,40.01336769292568,26.309061738709648
2025-12-29T13:45:00-06:00,273.7155972220745,274,273.7155972220745,273.8725,273.6723749999998,274.65243332102466,272.692316678975,24846,,,76.96917179298717,70.44064023268275,-0.040286579922053534,0,62.27174599746576,47.742081236709446,70,80,30,20,50,,,55.1898432680008,37.82732736628782,26.309061738709648
2025-12-29T14:00:00-06:00,273.7940486110373,274,273.7940486110373,273.90250000000003,273.64720833333314,274.5613449213557,272.73307174531055,48635,,,81.07468595723081,73.98532214086543,-0.014675950369735347,0,64.19847604043198,48.82317453234634,70,80,30,20,50,,,55.85028095398617,35.797432777266955,26.309061738709648
2025-12-29T14:15:00-06:00,273.84827430551866,273.94,273.73,273.86249999999995,273.61962499999987,274.4525678626715,272.7866821373282,29003,,,81.59446280006121,76.52170236059736,0.002365721790852149,0,63.52649749791432,49.60579296367507,70,80,30,20,50,,,54.69281276731179,34.14455091129157,26.309061738709648
2025-12-29T14:30:00-06:00,273.8553871527593,273.94,273.54,273.76750000000004,273.5902083333332,274.3329678512142,272.84744881545214,55177,,,75.19707525689243,76.08015999269571,0.008112151867806006,0,59.4025174353222,49.91697460069118,70,80,30,20,50,,,51.93965524129585,33.250936354132044,26.309061738709648
2025-12-29T14:45:00-06:00,273.8114435763797,273.87,273.46,273.685,273.5623749999998,274.22155831736853,272.9031916826311,243856,,,64.71471683792849,72.29167894110664,0.005940697918163096,0,54.33259847271411,49.8752968411123,70,80,30,20,50,,,49.60439140384964,32.67040168766495,26.309061738709648
2025-12-30T08:30:00-06:00,273.7482217881899,274.06,272.49,273.1675,273.52395833333316,274.13459464200554,272.9133220246608,158792,,,57.527433305965324,67.37026372939287,-0.03711033520954743,0,40.877618382337246,48.29835775300836,70,80,30,20,50,,48.29835775300836,38.048253680332756,34.09771730470732,25.229555660794347
2025-12-30T08:45:00-06:00,273.45786089409495,273.85,273,273.44000000000005,273.5038749999998,274.0838334575863,272.92391654241334,67688,,,58.521473584020406,64.42066701426872,-0.048678975577843175,0,41.91797422913909,47.895589122444804,70,80,30,20,50,,,45.27759302378166,35.423081806246664,25.229555660794347
2025-12-30T09:00:00-06:00,273.4489304470475,273.68,272.52,273.10749999999996,273.4800416666665,274.06441472218927,272.8956686111438,62981,,,52.12471911970687,60.32201771608143,-0.08371219551793274,0,37.42164615426277,46.743885054764526,70,80,30,20,50,,,39.25780861484271,37.24304160945336,25.229555660794347
2025-12-30T09:15:00-06:00,273.2782152235237,273.2782152235237,272.4,272.64750000000004,273.45412499999986,274.1104922593563,272.7977577406434,59089,,,39.71969226454465,53.454575898902505,-0.14690104651919,0,30.666611176491525,44.88032308597682,70,80,30,20,50,,,32.767170288856704,39.05813960546358,25.229555660794347
2025-12-30T09:30:00-06:00,272.9628576117619,272.9628576117619,272.42,272.575,273.4312083333332,274.1570660109113,272.70535065575507,42043,,,29.99385106792954,45.63433428857818,-0.2005173708476491,0,26.716098546543606,43.14597891036367,70,80,30,20,50,,,31.8727417688782,40.74358774461594,25.229555660794347
2025-12-30T09:45:00-06:00,272.76892880588093,273.03,272.45,272.71500000000003,273.3956666666665,274.15321087150323,272.63812246182977,66812,,,26.321201916773305,39.19662349797655,-0.22907127314658737,0,28.50408104859484,42.130816329188725,70,80,30,20,50,,,35.53225955155162,41.98037447531635,25.229555660794347
2025-12-30T10:00:00-06:00,272.7419644029405,273.31,272.7419644029405,273.02500000000003,273.38091666666656,274.14944391978713,272.612389413546,42252,,,30.09766874772934,36.16363858122748,-0.2241027205529349,0,36.407743211689,42.227027235671365,70,80,30,20,50,,,42.85239812780854,41.85751594784563,25.229555660794347
2025-12-30T10:15:00-06:00,272.88348220147026,273.31,272.8,273.01374999999996,273.3632083333332,274.1402314141039,272.58618525256253,28294,,,32.38940968724069,34.90556228323189,-0.2185535386569768,0,40.17251202459468,42.28516688841113,70,80,30,20,50,,,42.66307463121965,41.743433029479945,25.229555660794347
2025-12-30T10:30:00-06:00,272.9486161007351,272.9486161007351,272.5,272.7325,273.3252916666665,274.1106630446904,272.5399202886426,37909,,,28.26964661880371,32.69359039508916,-0.2341511478421694,0,37.713961686526964,41.730860967051846,70,80,30,20,50,,,38.12787247821649,42.16128074609614,25.229555660794347
2025-12-30T10:45:00-06:00,272.8405580503676,272.8405580503676,272.31,272.52750000000003,273.29437499999983,274.12840406374596,272.4603459362537,49524,,,23.554223286995256,29.64713469239119,-0.2600563841229473,0,33.94880012874745,40.85893190428028,70,80,30,20,50,,,35.191392996265094,42.838466207465686,25.229555660794347
2025-12-30T11:00:00-06:00,272.6840290251838,272.6840290251838,272.28,272.39375,273.26458333333323,274.1591212338139,272.3700454328526,28463,,,18.41114885799769,25.90180608092669,-0.28805841956659606,0,30.576740436218735,39.86238231609334,70,80,30,20,50,,,33.38480999287819,43.512067191895696,25.229555660794347
2025-12-30T11:15:00-06:00,272.53888951259194,272.635,272.36,272.50625,273.24029166666656,274.17538361470537,272.30519971862776,30358,,,19.596105711158447,23.799905957670607,-0.29774026021823374,0,32.1045533351644,39.39337873850475,70,80,30,20,50,,,36.34485548417894,44.137553820295,25.229555660794347
2025-12-30T11:30:00-06:00,272.522569756296,272.86,272.522569756296,272.695,273.2272083333332,274.18127609018853,272.27314057647783,34661,,,26.494491186080023,24.698101033807077,-0.28687571645281196,0,37.75860446605465,39.61768823064792,70,80,30,20,50,,,41.07569992957854,43.61605062677362,25.229555660794347
2025-12-30T11:45:00-06:00,272.60878487814796,272.98,272.60878487814796,272.8325,273.2182916666665,274.1819006561962,272.2546826771368,17922,,,35.543253023729505,28.313151697114552,-0.2641257096115055,0,43.734831184940006,40.244930314596814,70,80,30,20,50,40.244930314596814,,44.322003860264616,42.594139061111896,25.229555660794347
2025-12-30T12:00:00-06:00,272.72064243907397,273.13,272.72064243907397,272.955,273.21204166666655,274.179958562876,272.2441247704571,38323,,,45.54016220999417,34.055488534741094,-0.23351957080865304,0,49.33024271760628,41.16124514359704,70,80,30,20,50,,,47.11729153209855,41.00841924518493,25.229555660794347
2025-12-30T12:15:00-06:00,272.837821219537,273.2,272.837821219537,273.10749999999996,273.21254166666654,274.1802265075804,272.24485682575266,17048,,,57.14004341507581,41.75034016151933,-0.19471396837553812,0,55.07782145090462,42.40004085917457,70,80,30,20,50,,,50.452213010428466,39.247974722232286,25.229555660794347
2025-12-30T12:30:00-06:00,272.97266060976847,273.27,272.97266060976847,273.15999999999997,273.2162083333332,274.18223401518605,272.2501826514804,42459,,,67.72299190634641,50.407890743128355,-0.15790372181538714,0,58.929891786798834,43.624592607212826,70,80,30,20,50,,,51.58417896946153,37.32395350602164,25.229555660794347
2025-12-30T12:45:00-06:00,273.0663303048842,273.38,273.0663303048842,273.245,273.21929166666655,274.1850747434151,272.253508589918,20552,,,74.39108551332221,58.40228899985964,-0.1204836856578595,0,62.46015714497834,44.933165856268424,70,80,30,20,50,,,53.4388919751298,35.091073098775205,25.229555660794347
2025-12-30T13:00:00-06:00,273.1556651524421,273.48,273.1556651524421,273.3175,273.2199583333332,274.18598401521615,272.2539326514502,26197,,,78.41350145332545,65.07269315101492,-0.08400948427339472,0,65.56878670068267,46.27828870891272,70,80,30,20,50,,,55.021587251100634,32.62637666741509,25.229555660794347
2025-12-30T13:15:00-06:00,273.23658257622105,273.52,273.23658257622105,273.405,273.2149583333332,274.17553313591986,272.2543835307465,23835,,,82.30440326773386,70.81659652325457,-0.047495400746811356,0,68.6909346321876,47.69780602969779,70,80,30,20,50,,,56.92466861480073,30.41048979365532,25.229555660794347
2025-12-30T13:30:00-06:00,273.3207912881105,273.44,273.2,273.31,273.1988749999999,274.1361048166119,272.2616451833878,15231,,,81.18490087312493,74.27269797321135,-0.025924589998112424,0,66.21128066081083,48.57026936444513,70,80,30,20,50,,,54.24128104030287,28.276056474945037,25.229555660794347
2025-12-30T13:45:00-06:00,273.31539564405523,273.31539564405523,273.09,273.22999999999996,273.1764583333332,274.0767400215073,272.27617664515907,29367,,,76.8480555361889,75.13115049420387,-0.01511071160530264,0,61.79909654968738,49.02990573924723,70,80,30,20,50,,,52.01754217546089,26.74622328285599,25.229555660794347
2025-12-30T14:00:00-06:00,273.27269782202757,273.385,273.21,273.28875,273.16191666666657,274.04010958709347,272.2837237462397,27138,,,74.92220976183886,75.06150358341553,-0.0017794882307384796,0,61.26751195264693,49.629175737858006,70,80,30,20,50,,,53.52443072882801,25.008432872776815,25.229555660794347
2025-12-30T14:15:00-06:00,273.28072391101375,273.47,273.16,273.26500000000004,273.1503333333332,274.0134862102301,272.2871804564363,27806,,,70.82139636855118,73.64813451179408,0.006790894620849031,0,59.916329555676356,50.052286070782934,70,80,30,20,50,,,52.80250323479494,23.42859795679578,25.229555660794347
2025-12-30T14:30:00-06:00,273.27286195550687,273.27286195550687,273.08,273.165,273.1305833333332,273.9638586812934,272.29730798537304,54799,,,58.92786118782212,68.74137673713676,0.005450984950527982,0,54.86739422380713,50.01321606696846,70,80,30,20,50,,,49.75926104217438,21.915436870377704,25.229555660794347
2025-12-30T14:45:00-06:00,273.2189309777534,273.2189309777534,272.82,273.0475,273.1030833333332,273.8897542549881,272.3164124116783,285930,,,50.1185741252159,62.53377586649648,-0.005034140688110256,0,48.10982833607659,49.528387177471096,70,80,30,20,50,,49.528387177471096,46.37699939573821,21.548686224773107,25.229555660794347
2025-12-31T08:30:00-06:00,273.1332154888767,273.67,272.29,272.845,273.0678333333332,273.80101331727604,272.3346533493904,135828,,,46.81817985159341,57.295243861528796,-0.029345459741819013,0,39.46542959630441,48.41549723449965,70,80,30,20,50,,,41.18171260518525,22.671029418947576,24.250221690363684
2025-12-31T08:45:00-06:00,272.98910774443834,273.12,272.24,272.695,273.02891666666653,273.71143367907877,272.3463996542543,64769,,,41.818180507122456,52.13622274339335,-0.06002418025695988,0,32.363391882041455,47.0005615779249,70,80,30,20,50,,,37.80347981018904,23.822519981576427,24.250221690363684
2025-12-31T09:00:00-06:00,272.84205387221914,273.1,272.84205387221914,273.02250000000004,273.0040833333332,273.6290906444055,272.3790760222609,49730,,,46.118880244842096,50.130441910542935,-0.05725082248102353,0,40.57719810029252,47.115187521957694,70,80,30,20,50,,,47.86025615817086,24.89176121830322,24.250221690363684
2025-12-31T09:15:00-06:00,272.9322769361096,273.11,272.39,272.77250000000004,272.97366666666653,273.5500906040251,272.39724272930795,85447,,,43.15850757581605,47.80646379896731,-0.07436855274227128,0,39.341941069405124,46.465811177667355,70,80,30,20,50,,,42.24486493978017,26.775120754447762,24.250221690363684
2025-12-31T09:30:00-06:00,272.8523884680548,272.8523884680548,272.25,272.4375,272.9493333333332,273.5520078354991,272.34665883116725,46908,,,33.37606798760674,42.99633186184712,-0.1136560217190663,0,33.86508671353353,45.087421079948484,70,80,30,20,50,,,36.12788544477581,28.745415364137,24.250221690363684
2025-12-31T09:45:00-06:00,272.64494423402743,272.64494423402743,271.77,272.1075,272.9049166666665,273.55122603972177,272.25860729361125,57498,,,28.171764623317262,38.054809449003834,-0.16946636326252928,0,27.909378580688987,43.25140071804232,70,80,30,20,50,,,31.31726836565224,31.19502960452892,24.250221690363684
2025-12-31T10:00:00-06:00,272.37622211701375,272.37622211701375,271.93,272.07250000000005,272.87041666666653,273.57743279495463,272.1634005383784,45163,,,24.088193959405555,33.39927095247108,-0.21405319651438504,0,24.632059677451526,41.59762775263087,70,80,30,20,50,,,30.848103477456434,33.46967139917855,24.250221690363684
2025-12-31T10:15:00-06:00,272.22436105850693,272.49,272.11,272.31624999999997,272.85937499999983,273.5899263757319,272.12882362426774,62725,,,25.64212930626996,30.81355707040404,-0.22710210351783644,0,30.128226443374622,41.0956828325864,70,80,30,20,50,,,37.83304085229732,35.003178778299976,24.250221690363684
2025-12-31T10:30:00-06:00,272.27030552925345,272.63,272.27,272.4475,272.8551249999998,273.5936839432383,272.1165660567613,34035,,,28.98071778312729,30.202610641311793,-0.2242674625259724,0,36.16978862140554,41.1193074865416,70,80,30,20,50,,,41.2728677372504,35.743473103996685,24.250221690363684
2025-12-31T10:45:00-06:00,272.3589027646267,272.76,272.29,272.555,272.8497916666665,273.59460542521003,272.1049779081229,27389,,,38.70319457146787,33.036138618030485,-0.21091533681982355,0,41.764041597805594,41.50416113443277,70,80,30,20,50,41.50416113443277,,44.00570984572536,35.82676732136299,24.250221690363684
2025-12-31T11:00:00-06:00,272.4569513823134,272.79,272.31,272.59749999999997,272.8355416666665,273.5827558494064,272.08832748392655,24694,,,46.386706828738944,37.486328021599974,-0.19466036269881215,0,45.599771729805084,41.982746046521704,70,80,30,20,50,,,45.093547975099796,35.76472577538839,24.250221690363684
2025-12-31T11:15:00-06:00,272.5272256911567,272.8,272.5272256911567,272.635,272.8229166666665,273.5704588431471,272.07537449018594,15580,,,52.44188415448239,42.47151339922744,-0.17671517941090542,0,48.504512793950454,42.530217951988234,70,80,30,20,50,,,46.08878533752067,35.65804395995154,24.250221690363684
2025-12-31T11:30:00-06:00,272.58111284557833,272.805,272.575,272.7125,272.8222499999999,273.5701491130585,272.07435088694126,18083,,,63.98657149934099,49.64319943259863,-0.15445937849398206,0,52.046777298197384,43.283434114551184,70,80,30,20,50,,,48.17933917121036,35.532765362191086,24.250221690363684
2025-12-31T11:45:00-06:00,272.64680642278915,272.87,272.64680642278915,272.77000000000004,272.83033333333316,273.57051713190697,272.09014953475935,36598,,,72.9607446359254,57.415714500374214,-0.13067538200931494,0,55.356716578488374,44.143867161656964,70,80,30,20,50,,,49.736681967844554,35.06389344122677,24.250221690363684
2025-12-31T12:00:00-06:00,272.7084032113946,273.08,272.7084032113946,272.90749999999997,272.8474583333332,273.57000864397827,272.1249080226881,44781,,,76.9738297572831,63.93508625267717,-0.09958335761808712,0,60.35991101391021,45.37098747087402,70,80,30,20,50,,,53.34726948078489,33.58141219233769,24.250221690363684
2025-12-31T12:15:00-06:00,272.8079516056973,273.1,272.56,272.8425,272.8586666666665,273.57004324693776,272.1472900863953,31381,,,75.97918616815345,67.9497862245026,-0.07927384155522077,0,60.18088249995189,46.18354909911656,70,80,30,20,50,,,51.46519968269309,32.69214418898293,24.250221690363684
2025-12-31T12:30:00-06:00,272.82522580284865,272.95,272.58,272.78,272.86149999999986,273.57092094932585,272.1520790506739,28321,,,71.13471848961096,69.01143031287205,-0.06744417692988236,0,57.56350249807637,46.6459200586196,70,80,30,20,50,,,49.651331295389355,31.866395328724938,24.250221690363684
2025-12-31T12:45:00-06:00,272.8026129014243,273.33,272.8026129014243,273.13,272.87141666666656,273.5872273182293,272.15560601510384,85224,,,74.3462225828177,70.78969440285393,-0.029487098640117893,0,64.25289137061169,48.2234106185472,70,80,30,20,50,,,58.47709925807656,29.73535511251622,24.250221690363684
2025-12-31T13:00:00-06:00,272.9663064507122,273.42,272.9663064507122,273.265,272.88174999999984,273.61091436194107,272.1525856380586,28109,,,78.24282706722299,73.27407195764361,0.011356619092737219,0,69.59908571734749,49.96633460778929,70,80,30,20,50,,,61.29534053786288,28.08196755793094,24.250221690363684
2025-12-31T13:15:00-06:00,273.1156532253561,273.23,272.95,273.09250000000003,272.88124999999985,273.60981479932946,272.15268520067025,17519,,,73.26741695496365,73.27185362341696,0.029466578922267672,0,65.88775596439942,50.77876649590068,70,80,30,20,50,,,56.05957376862472,26.478214451692324,24.250221690363684
2025-12-31T13:30:00-06:00,273.10407661267806,273.10407661267806,272.61,272.88875,272.87220833333316,273.5934066081282,272.15101005853813,24715,,,61.587192698658264,69.3769666484974,0.027065931165680013,0,58.12098489949685,50.750322060916524,70,80,30,20,50,,,50.565433233519464,25.452376168148756,24.250221690363684
2025-12-31T13:45:00-06:00,272.99641330633904,272.99641330633904,272.63,272.8,272.8573749999998,273.56547967398626,272.1492703260134,20575,,,50.36045404716773,63.038129114720846,0.01779686604396602,0,52.019208206496735,50.42933908320575,70,80,30,20,50,,,48.34294972808568,24.499812047715437,24.250221690363684
2025-12-31T14:00:00-06:00,272.8982066531695,272.8982066531695,272.19,272.4875,272.8297083333332,273.528537915412,272.1308787512544,30766,,,41.635966654751634,55.904074961397775,-0.014596810231410018,0,42.8667168974295,49.230331370232776,70,80,30,20,50,,49.230331370232776,41.43678123590847,24.87938376695658,24.250221690363684
2025-12-31T14:15:00-06:00,272.6928533265848,272.6928533265848,271.95,272.205,272.7897083333332,273.48961507819246,272.0898015884739,42048,,,33.53962402833761,48.44925798371105,-0.0623457382507695,0,34.599968406129214,47.51661893197066,70,80,30,20,50,,,36.37748808326694,25.762133103616275,24.250221690363684
2025-12-31T14:30:00-06:00,272.44892666329235,272.74,272.04,272.395,272.75920833333316,273.44537688759016,272.07303977907617,57379,,,32.45045230007054,43.11632275583088,-0.08388867914061393,0,35.86640052050788,46.72064193327814,70,80,30,20,50,,,41.54679144177674,26.36726887205032,24.250221690363684
2025-12-31T14:45:00-06:00,272.42196333164617,272.75,271.81,272.27875,272.72749999999985,273.4116283993267,272.043371600673,271330,,,31.338603810812987,39.19041644082491,-0.10908455956263197,0,34.740771436274024,45.74929926350721,70,80,30,20,50,,,39.43557190999621,27.41364979946777,24.250221690363684
2026-01-02T08:30:00-06:00,272.3503566658231,275.55,271.96,273.83,272.7455416666665,273.5115683969313,271.9795149364017,350511,,,38.89596760293038,39.0922668281934,-0.0038353540862772206,0,53.95825659288731,48.31561208235831,70,80,30,20,50,48.31561208235831,,64.99664540489044,28.315991447847182,23.52282536495868
2026-01-02T08:45:00-06:00,273.09017833291153,277.82,273.09017833291153,276.465,272.8522083333332,274.3851435194459,271.3192731472205,450296,,,51.748726044771,43.3110865670526,0.2888679875728144,0,70.8295162621682,52.57312544816909,70,80,30,20,50,,,80.24696232593915,30.58493118865817,23.52282536495868
2026-01-02T09:00:00-06:00,274.77758916645575,277.75,274.77758916645575,276.445,272.9615416666665,274.9640693072952,270.95901402603783,233305,,,60.20630543861049,48.94282619090523,0.5133065830313512,0,79.05588832509565,56.22500157911053,70,80,30,20,50,,,79.96219643022994,32.69180380512552,23.52282536495868
2026-01-02T09:15:00-06:00,275.61129458322785,275.61129458322785,273.38,274.4525,273.00837499999983,275.08123596077075,270.9355140392289,153602,,,54.7936656335051,50.89310600510519,0.5243532708346947,0,67.59919966220583,56.45008917409367,70,80,30,20,50,,,57.91315854148404,32.4454200576117,23.52282536495868
2026-01-02T09:30:00-06:00,275.0318972916139,275.0318972916139,272.38,272.97875,273.01283333333316,275.0848447286476,270.9408219380187,121629,,,43.01136222488798,48.265858078366115,0.4094684448022008,0,55.263006951730375,55.254576155427,70,80,30,20,50,,,47.483741534093696,31.023392679642388,23.52282536495868
2026-01-02T09:45:00-06:00,274.0053236458069,274.0053236458069,270.6,271.8325,272.98408333333316,275.09647868908434,270.871687977582,161364,,,34.36445385629634,43.63205667100953,0.22335391221486134,0,45.31724274277078,53.38863155578533,70,80,30,20,50,,53.38863155578533,41.25999165811445,29.50813487395741,23.52282536495868
2026-01-02T10:00:00-06:00,272.91891182290345,272.91891182290345,269.85,270.45500000000004,272.8984999999999,275.197533347583,270.5994666524168,124156,,,25.439957945184684,37.568023762401246,-0.03489370063522301,0,36.843920507825075,50.97362580311643,70,80,30,20,50,,,35.276088410768565,28.633597355176626,23.52282536495868
2026-01-02T10:15:00-06:00,271.6869559114517,271.6869559114517,270.01,270.455,272.82124999999985,275.2820749802376,270.3604250197621,73608,,,19.49029400444334,31.542113843081946,-0.23682680243359755,0,32.607259390352084,48.88062081747002,70,80,30,20,50,,,35.27608841076834,27.821526802023044,23.52282536495868
2026-01-02T10:30:00-06:00,271.0709779557259,271.0709779557259,270.15,270.395,272.7531666666665,275.3613029531573,270.14503038017574,77857,,,15.272910348424213,26.119046011529367,-0.3971239414216825,0,30.324406545570056,47.032474711035874,70,80,30,20,50,,,35.019525019213944,27.06746128838043,23.52282536495868
2026-01-02T10:45:00-06:00,270.73298897786293,270.73298897786293,269.59,269.92499999999995,272.6804166666665,275.47184822395076,269.8889851093822,91262,,,11.538764857637117,21.258952293565283,-0.5556801165101319,0,27.839290082120193,45.160828667457935,70,80,30,20,50,,,32.995129384201334,26.79019198627938,23.52282536495868
2026-01-02T11:00:00-06:00,270.32899448893147,270.32899448893147,269.11,269.80125,272.6047083333332,275.57542679886757,269.6339898677988,113134,,,10.359369472992528,17.62575802004103,-0.6834442979439928,0,26.2342050972583,43.467786680000394,70,80,30,20,50,,,32.46301376152638,26.872728084455836,23.52282536495868
2026-01-02T11:15:00-06:00,270.0651222444657,270.265,269.79,270.1125,272.53124999999983,275.6329650497949,269.42953495020475,39728,,,12.046248239387532,15.765921426489863,-0.7509268412559891,0,28.349160332500183,42.377375803357694,70,80,30,20,50,,,35.28970510518012,26.949368747048265,23.52282536495868
2026-01-02T11:30:00-06:00,270.08881112223287,270.28,269.91,270.125,272.4538333333332,275.6737297429872,269.2339369236792,43042,,,13.744091216151963,15.091978023043895,-0.7942430579106485,0,29.532296168275966,41.4479431372123,70,80,30,20,50,,,35.40663080726722,27.000056104104463,23.52282536495868
2026-01-02T11:45:00-06:00,270.10690556111643,270.3,269.74,270.08000000000004,272.37133333333315,275.70157174657237,269.04109492009394,67163,,,15.767670413338246,15.317208819808679,-0.8227188053419354,0,29.894225461331224,40.60959390050749,70,80,30,20,50,,,35.16032386192626,27.18468258937457,23.52282536495868
2026-01-02T12:00:00-06:00,270.0934527805582,270.48,269.94,270.1275,272.2889999999998,275.7135959859212,268.86440401407845,33911,,,19.41633576112329,16.683584466913548,-0.8318639772002143,0,30.705708497076824,39.95085374493361,70,80,30,20,50,,,35.66904273370338,27.083423638056814,23.52282536495868
2026-01-02T12:15:00-06:00,270.11047639027913,270.27,269.89,270.045,272.20266666666646,275.7174193685994,268.6879139647335,59037,,,25.03859710036325,19.46858867806345,-0.8361302631039962,0,30.554495816760564,39.31116196167798,70,80,30,20,50,,,35.153165370516405,27.035720353751465,23.52282536495868
2026-01-02T12:30:00-06:00,270.07773819513955,270.15,269.66,269.96000000000004,272.11091666666647,275.7103283045613,268.51150502877164,32996,,,31.14097116310479,23.359382839743898,-0.8367248715687197,0,29.85939805198364,38.682734779867936,70,80,30,20,50,,,34.59795809810264,27.20945992975526,23.52282536495868
2026-01-02T12:45:00-06:00,270.0188690975698,270.07,269,269.60125,272.0052916666665,275.7056982706557,268.3048850626773,65462,,,32.32544498127938,26.348070220255725,-0.8562736403479789,0,27.074793350942098,37.82911891693444,70,80,30,20,50,,,32.280615807866724,27.94324770214061,23.52282536495868
2026-01-02T13:00:00-06:00,269.8100595487849,270.25,269.31,269.71500000000003,271.89887499999986,275.67227821362195,268.1254717863778,49564,,,37.653900257790376,30.116680232767276,-0.8527574490457255,0,27.886534842610132,37.29120849724581,70,80,30,20,50,,,33.794790769269724,28.307474475193708,23.52282536495868
2026-01-02T13:15:00-06:00,269.7625297743925,270.17,269.49,269.9325,271.8018749999999,275.6225768743302,267.98117312566956,43661,,,46.104852424112345,35.44607096321563,-0.8229341373525472,0,32.390568509248006,37.213560878459695,70,80,30,20,50,,,36.70885135634992,28.645685050171583,23.52282536495868
2026-01-02T13:30:00-06:00,269.8475148871962,270.7,269.8475148871962,270.36,271.7212083333332,275.5580522231393,267.8843644435271,64033,,,57.40323494940867,42.76512562527998,-0.756087563947915,0,41.224773101550355,37.86548777128674,70,80,30,20,50,37.86548777128674,,42.10301257466252,28.01580163157621,23.52282536495868
2026-01-02T13:45:00-06:00,270.1037574435981,270.59,270.1037574435981,270.41375000000005,271.63066666666657,275.4584441295676,267.8028892037655,72569,,,65.98941153490107,50.50655426182035,-0.6908107606940916,0,46.383288306560615,38.518559374718286,70,80,30,20,50,,,42.76352479702333,27.430909885737652,23.52282536495868
2026-01-02T14:00:00-06:00,270.25875372179905,270.79,270.25875372179905,270.52500000000003,271.5393333333332,275.33740832454436,267.7412583421221,69893,,,72.39145126535335,57.801519929664686,-0.6229208349460578,0,50.58348345830339,39.27380529347465,70,80,30,20,50,,,44.18290376539102,26.531220857034633,23.52282536495868
2026-01-02T14:15:00-06:00,270.3918768608995,270.84,270.22,270.56,271.4549166666665,275.2236173121873,267.68621602114575,56518,,,76.52183707545339,64.04162564492759,-0.559839886454597,0,53.2254243333474,39.99036015394434,70,80,30,20,50,,,44.64796674699728,25.604814206818894,23.52282536495868
2026-01-02T14:30:00-06:00,270.4759384304498,270.78,270.35,270.56,271.37729166666657,275.12050797993936,267.63407535339377,68623,,,79.27542761552007,69.11955963512509,-0.5040375491869327,0,54.5463947708694,40.6113743663514,70,80,30,20,50,,,44.647966746997284,24.744579460189993,23.52282536495868
2026-01-02T14:45:00-06:00,270.51796921522487,271.04,270.365,270.74125000000004,271.30866666666657,275.0203900945982,267.5969432387349,326489,,,81.3020824626346,73.18040057762825,-0.4401150621631018,0,58.395866071690264,41.501300985640064,70,80,30,20,50,,,47.28582401101641,23.437209978795607,23.52282536495868
2026-01-05T08:30:00-06:00,270.62960960761245,271.51,267.85,269.7975,271.2189999999999,274.9424295011414,267.49557049885834,418074,,,71.93818247964354,72.7663278783,-0.4603026855813255,0,45.77099496666075,40.94304601117234,70,80,30,20,50,,,37.31438867713216,24.863515100870313,22.43277242155207
2026-01-05T08:45:00-06:00,270.21355480380623,270.21355480380623,268.76,269.38375,271.1249583333332,274.88634258003736,267.36357408662906,207716,,,61.927367554735135,69.15334110377837,-0.5038792830106331,0,36.26044293524508,40.008732193980336,70,80,30,20,50,,40.008732193980336,33.93569238223232,26.187941285653967,22.43277242155207
2026-01-05T09:00:00-06:00,269.79865240190315,271.17,269.29,270.04499999999996,271.0466249999999,274.79681267029906,267.2964373297007,291307,,,61.27580423503249,66.52749548086308,-0.47952899002206095,0,41.196152701777685,40.38665387669213,70,80,30,20,50,40.38665387669213,,42.84314481431878,25.897699153725494,22.43277242155207
2026-01-05T09:15:00-06:00,269.92182620095156,270.45,269.58,270.04249999999996,270.9720833333332,274.71022454549865,267.2339421211678,120099,,,60.81866001825443,64.6245503266602,-0.45518583750941843,0,43.63711855046016,40.711051796977586,70,80,30,20,50,,,42.81963827883303,25.628188602649054,22.43277242155207
2026-01-05T09:30:00-06:00,269.98216310047576,270.21,268.96,269.5325,270.82883333333325,274.4453112431238,267.2123554235427,129327,,,55.86908846390022,61.70606303907354,-0.47161002471449365,0,39.85377252286689,40.37804239255838,70,80,30,20,50,,40.37804239255838,38.21348126383355,25.936223754801553,22.43277242155207
2026-01-05T09:45:00-06:00,269.7573315502379,269.7573315502379,268.87,269.0825,270.58274999999986,273.5840483579199,267.5814516420798,95329,,,48.471013438592585,57.29437983891322,-0.5150009403342324,0,34.66663125278203,39.6169242092891,70,80,30,20,50,,,34.66965601803879,26.29956063703221,22.43277242155207
2026-01-05T10:00:00-06:00,269.41991577511897,269.41991577511897,268.74,268.92,270.3319166666666,272.46325991809465,268.2005734152385,75065,,,42.05899985159362,52.21591984314002,-0.5560906783231303,0,31.01948569624756,38.796378589648974,70,80,30,20,50,,,33.462832061988124,26.752560101628358,22.43277242155207
2026-01-05T10:15:00-06:00,269.16995788755946,269.35,268.7,268.8975,270.1467499999999,271.7010740223821,268.59242597761767,74006,,,37.57940609414043,47.337081926806825,-0.5837411490742852,0,29.039689021454414,38.06220017669639,70,80,30,20,50,,,33.2900404925046,27.210325184419737,22.43277242155207
2026-01-05T10:30:00-06:00,269.0337289437797,269.0337289437797,268.25,268.5825,270.0002083333332,271.259935500067,268.7404811665994,103201,,,31.724157796821903,42.132773883478514,-0.62388050765054,0,25.923657584643397,37.10531016481089,70,80,30,20,50,,,30.885525087555123,28.04352677323893,22.43277242155207
2026-01-05T10:45:00-06:00,268.80811447188984,268.80811447188984,267.98,268.2975,269.8823749999999,271.09493296247433,268.6698170375255,114868,,,24.46709788335667,36.24421521677123,-0.6709540164193868,0,22.743180543431336,36.00524262959498,70,80,30,20,50,,,28.854803650691593,29.0457622182429,22.43277242155207
2026-01-05T11:00:00-06:00,268.5528072359449,268.5528072359449,267.65,267.9425,269.79862499999996,271.17712756159295,268.42012243840696,100694,,,19.08128495254095,30.523238462027805,-0.7285078592848322,0,19.477094243296186,34.74002493510948,70,80,30,20,50,,,26.516109920953753,30.243110632704244,22.43277242155207
2026-01-05T11:15:00-06:00,268.24765361797245,268.24765361797245,266.93,267.4175,269.6973749999999,271.2966832293183,268.0980667706815,162195,,,17.337333907754704,26.12793694393677,-0.8071781594296681,0,15.994695347044225,33.23930570288125,70,80,30,20,50,,,23.484630693397747,31.86408123219656,22.43277242155207
2026-01-05T11:30:00-06:00,267.83257680898623,267.83257680898623,266.78,267.05,269.58587499999993,271.42371240097117,267.7480375990287,102038,,,14.182129310709533,22.14600106619436,-0.8889320622846526,0,13.270874100083075,31.690228071705302,70,80,30,20,50,,,21.62122346906162,33.4656307084561,22.43277242155207
2026-01-05T11:45:00-06:00,267.4412884044931,267.64,267.17,267.38625,269.5012499999999,271.4959379454913,267.50656205450855,59364,,,16.242150579553968,20.178050903980893,-0.9160306236407791,0,18.331093926366,31.105500600404493,70,80,30,20,50,,,27.304772036949245,34.95278379355425,22.43277242155207
2026-01-05T12:00:00-06:00,267.41376920224656,267.88,267.41376920224656,267.6325,269.4289583333333,271.5293168426939,267.3285998239727,56620,,,21.59233269048003,20.649478166147272,-0.9071787201603456,0,25.04689400114569,31.123074797867204,70,80,30,20,50,,,31.237307081374837,35.77712411657229,22.43277242155207
2026-01-05T12:15:00-06:00,267.5231346011233,267.68,267.25,267.4825,269.3412916666666,271.53756734786987,267.1450159854634,55941,,,23.506431910385256,21.601796080893266,-0.9018710610783955,0,27.26036826258739,30.995569554890498,70,80,30,20,50,,,30.1667854755419,36.679353603244195,22.43277242155207
2026-01-05T12:30:00-06:00,267.5028173005617,267.66,267.1,267.3625,269.24920833333334,271.53610547453235,266.96231119213434,62334,,,24.28630594287624,22.496632701554258,-0.8970075554036612,0,27.438406668709867,30.769712459518505,70,80,30,20,50,,,29.301641339600565,37.64278284230891,22.43277242155207
2026-01-05T12:45:00-06:00,267.4326586502808,267.48,267,267.195,269.15304166666664,271.5328555321643,266.77322780116896,55730,,,23.01165590725911,22.668307103455874,-0.8963366315228427,0,26.242261066665254,30.412504689908562,70,80,30,20,50,,,28.090654187443945,38.62244468793992,22.43277242155207
2026-01-05T13:00:00-06:00,267.31382932514043,267.35,266.97,267.125,269.0529583333333,271.5116636568111,266.59425300985555,59303,,,21.827990818387494,22.388201675099747,-0.891180362026148,0,25.10057775787758,30.03453151003413,70,80,30,20,50,,,27.577705840850342,39.55874605743059,22.43277242155207
2026-01-05T13:15:00-06:00,267.2194146625702,267.2194146625702,266.14,266.6725,268.9405416666666,271.5132846648136,266.3677986685196,124283,,,22.973681317810815,22.58336155600344,-0.9130815142777919,0,21.575208069042755,29.29224583973885,70,80,30,20,50,,,24.467388982819514,41.06886364118719,22.43277242155207
2026-01-05T13:30:00-06:00,266.9459573312851,266.9459573312851,266.2,266.4525,268.82362499999994,271.51641834129185,266.130831658708,42864,,,21.302377583521352,22.156366898509408,-0.9373849069048106,0,18.704928973446002,28.467026724309772,70,80,30,20,50,,,23.103102474020773,42.47111568324689,22.43277242155207